Title,Month,URL
"2024, Volume 48",March,https://misq.umn.edu/contents-48-1
"2024, Volume 48",June,https://misq.umn.edu/contents-48-2
"2024, Volume 48",September,https://misq.umn.edu/contents-48-3
"2024, Volume 48",December,https://misq.umn.edu/contents-48-4
"2023, Volume 47",March,https://misq.umn.edu/contents-47-1
"2023, Volume 47",June,https://misq.umn.edu/contents-47-2
"2023, Volume 47",September,https://misq.umn.edu/contents-47-3
"2023, Volume 47",December,https://misq.umn.edu/contents-47-4
"2022, Volume 46",March,https://misq.umn.edu/contents-46-1
"2022, Volume 46",June,https://misq.umn.edu/contents-46-2
"2022, Volume 46",September,https://misq.umn.edu/contents-46-3/
"2022, Volume 46",December,https://misq.umn.edu/contents-46-4
"2021, Volume 45",March,https://misq.umn.edu/contents-45-1/
"2021, Volume 45",June,https://misq.umn.edu/contents-45-2/
"2021, Volume 45",September,https://misq.umn.edu/contents-45-3/
"2021, Volume 45",December,https://misq.umn.edu/contents-45-4
"2020, Volume 44",March,https://misq.umn.edu/contents-44-1/
"2020, Volume 44",June,https://misq.umn.edu/contents-44-2/
"2020, Volume 44",September,https://misq.umn.edu/contents-44-3/
"2020, Volume 44",December,https://misq.umn.edu/contents-44-4
"2019, Volume 43",March,https://misq.umn.edu/contents-43-1/
"2019, Volume 43",June,https://misq.umn.edu/contents-43-2/
"2019, Volume 43",September,https://misq.umn.edu/contents-43-3/
"2019, Volume 43",December,https://misq.umn.edu/contents-43-4
"2018, Volume 42",March,https://misq.umn.edu/contents-42-1/
"2018, Volume 42",June,https://misq.umn.edu/contents-42-2/
"2018, Volume 42",September,https://misq.umn.edu/contents-42-3/
"2018, Volume 42",December,https://misq.umn.edu/contents-42-4
"2017, Volume 41",March,https://misq.umn.edu/contents-41-1/
"2017, Volume 41",June,https://misq.umn.edu/contents-41-2/
"2017, Volume 41",September,https://misq.umn.edu/contents-41-3/
"2017, Volume 41",December,https://misq.umn.edu/contents-41-4
"2016, Volume 40",March,https://misq.umn.edu/contents-40-1/
"2016, Volume 40",June,https://misq.umn.edu/contents-40-2/
"2016, Volume 40",September,https://misq.umn.edu/contents-40-3/
"2016, Volume 40",December,https://misq.umn.edu/contents-40-4
"2015, Volume 39",March,https://misq.umn.edu/contents-39-1/
"2015, Volume 39",June,https://misq.umn.edu/contents-39-2/
"2015, Volume 39",September,https://misq.umn.edu/contents-39-3/
"2015, Volume 39",December,https://misq.umn.edu/contents-39-4/
"2014, Volume 38",March,https://misq.umn.edu/contents-38-1/
"2014, Volume 38",June,https://misq.umn.edu/contents-38-2/
"2014, Volume 38",September,https://misq.umn.edu/contents-38-3/
"2014, Volume 38",December,https://misq.umn.edu/contents-38-4/
"2013, Volume 37",March,https://misq.umn.edu/contents-37-1/
"2013, Volume 37",June,https://misq.umn.edu/contents-37-2/
"2013, Volume 37",September,https://misq.umn.edu/contents-37-3/
"2013, Volume 37",December,https://misq.umn.edu/contents-37-4/
"2012, Volume 36",March,https://misq.umn.edu/contents-36-1/
"2012, Volume 36",June,https://misq.umn.edu/contents-36-2/
"2012, Volume 36",September,https://misq.umn.edu/contents-36-3/
"2012, Volume 36",December,https://misq.umn.edu/contents-36-4/
"2011, Volume 35",March,https://misq.umn.edu/contents-35-1/
"2011, Volume 35",June,https://misq.umn.edu/contents-35-2/
"2011, Volume 35",September,https://misq.umn.edu/contents-35-3/
"2011, Volume 35",December,https://misq.umn.edu/contents-35-4/
"2010, Volume 34",March,https://misq.umn.edu/contents-34-1/
"2010, Volume 34",June,https://misq.umn.edu/contents-34-2/
"2010, Volume 34",September,https://misq.umn.edu/contents-34-3/
"2010, Volume 34",December,https://misq.umn.edu/contents-34-4/
"2009, Volume 33",March,https://misq.umn.edu/contents-33-1/
"2009, Volume 33",June,https://misq.umn.edu/contents-33-2/
"2009, Volume 33",September,https://misq.umn.edu/contents-33-3/
"2009, Volume 33",December,https://misq.umn.edu/contents-33-4/
"2008, Volume 32",March,https://misq.umn.edu/contents-32-1/
"2008, Volume 32",June,https://misq.umn.edu/contents-32-2/
"2008, Volume 32",September,https://misq.umn.edu/contents-32-3/
"2008, Volume 32",December,https://misq.umn.edu/contents-32-4/
"2007, Volume 31",March,https://misq.umn.edu/contents-31-1/
"2007, Volume 31",June,https://misq.umn.edu/contents-31-2/
"2007, Volume 31",September,https://misq.umn.edu/contents-31-3/
"2007, Volume 31",December,https://misq.umn.edu/contents-31-4/
"2006, Volume 30",March,https://misq.umn.edu/contents-30-1/
"2006, Volume 30",June,https://misq.umn.edu/contents-30-2/
"2006, Volume 30",September,https://misq.umn.edu/contents-30-3/
"2006, Volume 30",December,https://misq.umn.edu/contents-30-4/
"2006, Volume 30",Special Issue,https://misq.umn.edu/contents-30-SI/
"2005, Volume 29",March,https://misq.umn.edu/contents-29-1/
"2005, Volume 29",June,https://misq.umn.edu/contents-29-2/
"2005, Volume 29",September,https://misq.umn.edu/contents-29-3/
"2005, Volume 29",December,https://misq.umn.edu/contents-29-4/
"2004, Volume 28",March,https://misq.umn.edu/contents-28-1/
"2004, Volume 28",June,https://misq.umn.edu/contents-28-2/
"2004, Volume 28",September,https://misq.umn.edu/contents-28-3/
"2004, Volume 28",December,https://misq.umn.edu/contents-28-4/
"2003, Volume 27",March,https://misq.umn.edu/contents-27-1/
"2003, Volume 27",June,https://misq.umn.edu/contents-27-2/
"2003, Volume 27",September,https://misq.umn.edu/contents-27-3/
"2003, Volume 27",December,https://misq.umn.edu/contents-27-4/
"2002, Volume 26",March,https://misq.umn.edu/contents-26-1/
"2002, Volume 26",June,https://misq.umn.edu/contents-26-2/
"2002, Volume 26",September,https://misq.umn.edu/contents-26-3/
"2002, Volume 26",December,https://misq.umn.edu/contents-26-4/
"2001, Volume 25",March,https://misq.umn.edu/contents-25-1/
"2001, Volume 25",June,https://misq.umn.edu/contents-25-2/
"2001, Volume 25",September,https://misq.umn.edu/contents-25-3/
"2001, Volume 25",December,https://misq.umn.edu/contents-25-4/
"2000, Volume 24",March,https://misq.umn.edu/contents-24-1/
"2000, Volume 24",June,https://misq.umn.edu/contents-24-2/
"2000, Volume 24",September,https://misq.umn.edu/contents-24-3/
"2000, Volume 24",December,https://misq.umn.edu/contents-24-4/
"1999, Volume 23",March,https://misq.umn.edu/contents-23-1/
"1999, Volume 23",June,https://misq.umn.edu/contents-23-2/
"1999, Volume 23",September,https://misq.umn.edu/contents-23-3/
"1999, Volume 23",December,https://misq.umn.edu/contents-23-4/
"1998, Volume 22",March,https://misq.umn.edu/contents-22-1/
"1998, Volume 22",June,https://misq.umn.edu/contents-22-2/
"1998, Volume 22",September,https://misq.umn.edu/contents-22-3/
"1998, Volume 22",December,https://misq.umn.edu/contents-22-4/
"1997, Volume 21",March,https://misq.umn.edu/contents-21-1/
"1997, Volume 21",June,https://misq.umn.edu/contents-21-2/
"1997, Volume 21",September,https://misq.umn.edu/contents-21-3/
"1997, Volume 21",December,https://misq.umn.edu/contents-21-4/
"1996, Volume 20",March,https://misq.umn.edu/contents-20-1/
"1996, Volume 20",June,https://misq.umn.edu/contents-20-2/
"1996, Volume 20",September,https://misq.umn.edu/contents-20-3/
"1996, Volume 20",December,https://misq.umn.edu/contents-20-4/
"1995, Volume 19",March,https://misq.umn.edu/contents-19-1/
"1995, Volume 19",June,https://misq.umn.edu/contents-19-2/
"1995, Volume 19",September,https://misq.umn.edu/contents-19-3/
"1995, Volume 19",December,https://misq.umn.edu/contents-19-4/
"1994, Volume 18",March,https://misq.umn.edu/contents-18-1/
"1994, Volume 18",June,https://misq.umn.edu/contents-18-2/
"1994, Volume 18",September,https://misq.umn.edu/contents-18-3/
"1994, Volume 18",December,https://misq.umn.edu/contents-18-4/
"1993, Volume 17",March,https://misq.umn.edu/contents-17-1/
"1993, Volume 17",June,https://misq.umn.edu/contents-17-2/
"1993, Volume 17",September,https://misq.umn.edu/contents-17-3/
"1993, Volume 17",December,https://misq.umn.edu/contents-17-4/
"1992, Volume 16",March,https://misq.umn.edu/contents-16-1/
"1992, Volume 16",June,https://misq.umn.edu/contents-16-2/
"1992, Volume 16",September,https://misq.umn.edu/contents-16-3/
"1992, Volume 16",December,https://misq.umn.edu/contents-16-4/
"1991, Volume 15",March,https://misq.umn.edu/contents-15-1/
"1991, Volume 15",June,https://misq.umn.edu/contents-15-2/
"1991, Volume 15",September,https://misq.umn.edu/contents-15-3/
"1991, Volume 15",December,https://misq.umn.edu/contents-15-4/
"1990, Volume 14",March,https://misq.umn.edu/contents-14-1/
"1990, Volume 14",June,https://misq.umn.edu/contents-14-2/
"1990, Volume 14",September,https://misq.umn.edu/contents-14-3/
"1990, Volume 14",December,https://misq.umn.edu/contents-14-4/
"1989, Volume 13",March,https://misq.umn.edu/contents-13-1/
"1989, Volume 13",June,https://misq.umn.edu/contents-13-2/
"1989, Volume 13",September,https://misq.umn.edu/contents-13-3/
"1989, Volume 13",December,https://misq.umn.edu/contents-13-4/
"1988, Volume 12",March,https://misq.umn.edu/contents-12-1/
"1988, Volume 12",June,https://misq.umn.edu/contents-12-2/
"1988, Volume 12",September,https://misq.umn.edu/contents-12-3/
"1988, Volume 12",December,https://misq.umn.edu/contents-12-4/
"1987, Volume 11",March,https://misq.umn.edu/contents-11-1/
"1987, Volume 11",June,https://misq.umn.edu/contents-11-2/
"1987, Volume 11",September,https://misq.umn.edu/contents-11-3/
"1987, Volume 11",December,https://misq.umn.edu/contents-11-4/
"1986, Volume 10",March,https://misq.umn.edu/contents-10-1/
"1986, Volume 10",June,https://misq.umn.edu/contents-10-2/
"1986, Volume 10",September,https://misq.umn.edu/contents-10-3/
"1986, Volume 10",December,https://misq.umn.edu/contents-10-4/
"1985, Volume 9",March,https://misq.umn.edu/contents-09-1/
"1985, Volume 9",June,https://misq.umn.edu/contents-09-2/
"1985, Volume 9",September,https://misq.umn.edu/contents-09-3/
"1985, Volume 9",December,https://misq.umn.edu/contents-09-4/
"1984, Volume 8",March,https://misq.umn.edu/contents-08-1/
"1984, Volume 8",June,https://misq.umn.edu/contents-08-2/
"1984, Volume 8",September,https://misq.umn.edu/contents-08-3/
"1984, Volume 8",December,https://misq.umn.edu/contents-08-4/
"1983, Volume 7",March,https://misq.umn.edu/contents-07-1/
"1983, Volume 7",June,https://misq.umn.edu/contents-07-2/
"1983, Volume 7",September,https://misq.umn.edu/contents-07-3/
"1983, Volume 7",December,https://misq.umn.edu/contents-07-4/
"1982, Volume 6",March,https://misq.umn.edu/contents-06-1/
"1982, Volume 6",June,https://misq.umn.edu/contents-06-2/
"1982, Volume 6",September,https://misq.umn.edu/contents-06-3/
"1982, Volume 6",December,https://misq.umn.edu/contents-06-4/
"1982, Volume 6",Special Issue,https://misq.umn.edu/contents-06-SI/
"1981, Volume 5",March,https://misq.umn.edu/contents-05-1/
"1981, Volume 5",June,https://misq.umn.edu/contents-05-2/
"1981, Volume 5",September,https://misq.umn.edu/contents-05-3/
"1981, Volume 5",December,https://misq.umn.edu/contents-05-4/
"1980, Volume 4",March,https://misq.umn.edu/contents-04-1/
"1980, Volume 4",June,https://misq.umn.edu/contents-04-2/
"1980, Volume 4",September,https://misq.umn.edu/contents-04-3/
"1980, Volume 4",December,https://misq.umn.edu/contents-04-4/
"1979, Volume 3",March,https://misq.umn.edu/contents-03-1/
"1979, Volume 3",June,https://misq.umn.edu/contents-03-2/
"1979, Volume 3",September,https://misq.umn.edu/contents-03-3/
"1979, Volume 3",December,https://misq.umn.edu/contents-03-4/
"1978, Volume 2",March,https://misq.umn.edu/contents-02-1/
"1978, Volume 2",June,https://misq.umn.edu/contents-02-2/
"1978, Volume 2",September,https://misq.umn.edu/contents-02-3/
"1978, Volume 2",December,https://misq.umn.edu/contents-02-4/
"1977, Volume 1",March,https://misq.umn.edu/contents-01-1/
"1977, Volume 1",June,https://misq.umn.edu/contents-01-2/
"1977, Volume 1",September,https://misq.umn.edu/contents-01-3/
"1977, Volume 1",December,https://misq.umn.edu/contents-01-4/
