Volume_Issue,Vol_Year,ArticleUrl,Article_Title
"Volume 34, Issue 4",In progress (December 2024),https://www.sciencedirect.com/science/article/pii/S1471772724000277,Expert-AI pairings: Expert interventions in AI-powered decisions
"Volume 34, Issue 4",In progress (December 2024),https://www.sciencedirect.com/science/article/pii/S1471772724000381,Beyond connectivity: Artificial intelligence and the internationalisation of digital firms
"Volume 34, Issue 4",In progress (December 2024),https://www.sciencedirect.com/science/article/pii/S1471772724000393,The same but different: Understanding variation and similarity in the outcomes of a similar technology. A comparative case study on the deployment of manufacturing execution systems in three Belgian SME's
"Volume 34, Issue 4",In progress (December 2024),https://www.sciencedirect.com/science/article/pii/S147177272400040X,When is enough enough? A critical assessment of data adequacy in IS qualitative research
"Volume 34, Issue 4",In progress (December 2024),https://www.sciencedirect.com/science/article/pii/S1471772724000423,A divergent model of online social movements in organizations
"Volume 34, Issue 4",In progress (December 2024),https://www.sciencedirect.com/science/article/pii/S1471772724000289,Furthering engaged algorithmic management research: Surfacing foundational positions through a hermeneutic literature analysis
"Volume 34, Issue 3",Sep-24,https://www.sciencedirect.com/science/article/pii/S1471772724000320,Editorial Board
"Volume 34, Issue 3",Sep-24,https://www.sciencedirect.com/science/article/pii/S147177272400023X,Ignoring and collective passivity in relation to information systems: How actors avoided engagement with data about wait times in Swedish healthcare
"Volume 34, Issue 3",Sep-24,https://www.sciencedirect.com/science/article/pii/S1471772724000228,Organizing for value creation in blockchain information systems
"Volume 34, Issue 3",Sep-24,https://www.sciencedirect.com/science/article/pii/S1471772724000265,Bureaucracies in information securing: Transitioning from iron cages to iron shields
"Volume 34, Issue 3",Sep-24,https://www.sciencedirect.com/science/article/pii/S1471772724000241,Boundary work and high-reliability organizing in interorganizational collaborations
"Volume 34, Issue 3",Sep-24,https://www.sciencedirect.com/science/article/pii/S1471772724000149,Organizational diversity of social-mission platforms: Advancing a configurational research agenda
"Volume 34, Issue 3",Sep-24,https://www.sciencedirect.com/science/article/pii/S1471772724000216,The impact of platform business models on the valuations of unicorn companies
"Volume 34, Issue 3",Sep-24,https://www.sciencedirect.com/science/article/pii/S1471772724000253,Digital platforms and development: Risks to competition and their regulatory implications in developing countries
"Volume 34, Issue 2",Jun-24,https://www.sciencedirect.com/science/article/pii/S1471772724000186,Editorial Board
"Volume 34, Issue 2",Jun-24,https://www.sciencedirect.com/science/article/pii/S1471772724000034,Generative mechanisms of AI implementation: A critical realist perspective on predictive maintenance
"Volume 34, Issue 2",Jun-24,https://www.sciencedirect.com/science/article/pii/S1471772724000137,“Keeping the Queen’s Peace”: A Sociomaterial Study of Police and Guns in a “Mangle of Risk”
"Volume 34, Issue 2",Jun-24,https://www.sciencedirect.com/science/article/pii/S1471772724000022,Human-AI joint task performance: Learning from uncertainty in autonomous driving systems
"Volume 34, Issue 2",Jun-24,https://www.sciencedirect.com/science/article/pii/S1471772724000125,Technology entrepreneurship is more than one might think
"Volume 34, Issue 1",Mar-24,https://www.sciencedirect.com/science/article/pii/S1471772724000113,Editorial Board
"Volume 34, Issue 1",Mar-24,https://www.sciencedirect.com/science/article/pii/S1471772723000520,From worker empowerment to managerial control: The devolution of AI tools' intended positive implementation to their negative consequences
"Volume 34, Issue 1",Mar-24,https://www.sciencedirect.com/science/article/pii/S1471772723000532,A dynamic perspective on software modularity in open source software (OSS) development: A configurational approach
"Volume 34, Issue 1",Mar-24,https://www.sciencedirect.com/science/article/pii/S1471772723000544,Affect and relational agency: How a negative ontology can broaden our understanding of IS research
"Volume 34, Issue 1",Mar-24,https://www.sciencedirect.com/science/article/pii/S1471772724000010,Catch me if you can: A simulation model of the internationalization of digital platforms
"Volume 33, Issue 4",Dec-23,https://www.sciencedirect.com/science/article/pii/S1471772723000489,Editorial Board
"Volume 33, Issue 4",Dec-23,https://www.sciencedirect.com/science/article/pii/S1471772723000428,"How social media disrupts institutions: Exploring the intersection of online disinformation, digital materiality and field-level change"
"Volume 33, Issue 4",Dec-23,https://www.sciencedirect.com/science/article/pii/S147177272300043X,Digital consumers and the new ‘search’ practices of born digital organisations
"Volume 33, Issue 4",Dec-23,https://www.sciencedirect.com/science/article/pii/S1471772723000441,Lessons from enterprise systems competency centers in adopting digital transformation initiatives: An assemblage approach
"Volume 33, Issue 4",Dec-23,https://www.sciencedirect.com/science/article/pii/S1471772723000416,The nature of small business digital responses during crises
"Volume 33, Issue 3",Sep-23,https://www.sciencedirect.com/science/article/pii/S1471772723000362,Editorial Board
"Volume 33, Issue 3",Sep-23,https://www.sciencedirect.com/science/article/pii/S1471772723000325,"Risk and the future of AI: Algorithmic bias, data colonialism, and marginalization"
"Volume 33, Issue 3",Sep-23,https://www.sciencedirect.com/science/article/pii/S1471772723000313,Beyond the boundaries of care: Electronic health records and the changing practices of healthcare
"Volume 33, Issue 3",Sep-23,https://www.sciencedirect.com/science/article/pii/S1471772723000283,Integrating development and operations teams: A control approach for DevOps
"Volume 33, Issue 3",Sep-23,https://www.sciencedirect.com/science/article/pii/S1471772723000295,Walking the line: Mindfulness with IT in hospital medication routines
"Volume 33, Issue 3",Sep-23,https://www.sciencedirect.com/science/article/pii/S1471772723000301,The multiplexity of diagrams and prototypes in requirements development
"Volume 33, Issue 2",Jun-23,https://www.sciencedirect.com/science/article/pii/S1471772723000258,Editorial Board
"Volume 33, Issue 2",Jun-23,https://www.sciencedirect.com/science/article/pii/S1471772723000015,Data governance and the secondary use of data: The board influence
"Volume 33, Issue 2",Jun-23,https://www.sciencedirect.com/science/article/pii/S1471772722000598,"Past, present and future: A systematic multitechnique bibliometric review of the field of distributed work"
"Volume 33, Issue 2",Jun-23,https://www.sciencedirect.com/science/article/pii/S1471772723000192,The argumentative salience of technology frames of reference: An analysis of argumentative discourse in the development of a health information exchange initiative
"Volume 33, Issue 2",Jun-23,https://www.sciencedirect.com/science/article/pii/S1471772723000209,Knowledge monopolies and the innovation divide: A governance perspective
"Volume 33, Issue 1",Mar-23,https://www.sciencedirect.com/science/article/pii/S1471772723000131,Editorial Board
"Volume 33, Issue 1",Mar-23,https://www.sciencedirect.com/science/article/pii/S147177272300009X,Managing compliance with privacy regulations through translation guardrails: A health information exchange case study
"Volume 33, Issue 1",Mar-23,https://www.sciencedirect.com/science/article/pii/S1471772723000027,Achieving voluntary data sharing in cross sector partnerships: Three partnership models
"Volume 33, Issue 1",Mar-23,https://www.sciencedirect.com/science/article/pii/S1471772723000040,Data governance and digital innovation: A translational account of practitioner issues for IS research
"Volume 33, Issue 1",Mar-23,https://www.sciencedirect.com/science/article/pii/S1471772723000088,"Future directions for scholarship on data governance, digital innovation, and grand challenges"
"Volume 33, Issue 1",Mar-23,https://www.sciencedirect.com/science/article/pii/S1471772723000064,The social dilemma of big data: Donating personal data to promote social welfare
"Volume 33, Issue 1",Mar-23,https://www.sciencedirect.com/science/article/pii/S1471772723000052,Data governance spaces: The case of a national digital service for personal health data
"Volume 33, Issue 1",Mar-23,https://www.sciencedirect.com/science/article/pii/S1471772723000039,Data sustainability: Data governance in data infrastructures across technological and human generations
"Volume 33, Issue 1",Mar-23,https://www.sciencedirect.com/science/article/pii/S1471772723000076,Orchestrating distributed data governance in open social innovation
"Volume 32, Issue 4",Dec-22,https://www.sciencedirect.com/science/article/pii/S1471772722000549,Editorial Board
"Volume 32, Issue 4",Dec-22,https://www.sciencedirect.com/science/article/pii/S1471772722000367,Aligning adoption messages with audiences' priorities: A mixed-methods study of the diffusion of enterprise architecture among the US state governments
"Volume 32, Issue 4",Dec-22,https://www.sciencedirect.com/science/article/pii/S1471772722000446,Stressing affordances: Towards an appraisal theory of technostress through a case study of hospital nurses' use of electronic medical record systems
"Volume 32, Issue 4",Dec-22,https://www.sciencedirect.com/science/article/pii/S1471772722000458,From coexistence to co-creation: Blurring boundaries in the age of AI
"Volume 32, Issue 3",Sep-22,https://www.sciencedirect.com/science/article/pii/S1471772722000409,Editorial Board
"Volume 32, Issue 3",Sep-22,https://www.sciencedirect.com/science/article/pii/S1471772722000471,Publisher’s note
"Volume 32, Issue 3",Sep-22,https://www.sciencedirect.com/science/article/pii/S1471772722000343,Logics' shift and depletion of innovation: A multi-level study of agile use in a multinational telco company
"Volume 32, Issue 3",Sep-22,https://www.sciencedirect.com/science/article/pii/S1471772722000434,Exploring health-analytics adoption in indian private healthcare organizations: An institutional-theoretic perspective
"Volume 32, Issue 3",Sep-22,https://www.sciencedirect.com/science/article/pii/S1471772722000355,Dynamic capabilities for orchestrating digital innovation ecosystems: Conceptual integration and research opportunities
"Volume 32, Issue 2",Jun-22,https://www.sciencedirect.com/science/article/pii/S147177272200029X,Editorial Board
"Volume 32, Issue 2",Jun-22,https://www.sciencedirect.com/science/article/pii/S1471772722000239,Knowledge Commoning: Scaffolding and Technoficing to Overcome Challenges of Knowledge Curation
"Volume 32, Issue 2",Jun-22,https://www.sciencedirect.com/science/article/pii/S1471772722000227,Unpacking linguistic devices and discursive strategies in online social movement organizations: Evidence from anti-vaccine online communities
"Volume 32, Issue 2",Jun-22,https://www.sciencedirect.com/science/article/pii/S1471772722000240,Coordinating knowledge work across technologies: Evidence from critical care practices
"Volume 32, Issue 2",Jun-22,https://www.sciencedirect.com/science/article/pii/S1471772722000045,Researching digitalized work arrangements: A Laws of Form perspective
"Volume 32, Issue 2",Jun-22,https://www.sciencedirect.com/science/article/pii/S1471772722000215,The digital is different: Emergence and relationality in critical realist research
"Volume 32, Issue 1",Mar-22,https://www.sciencedirect.com/science/article/pii/S1471772722000161,Editorial Board
"Volume 32, Issue 1",Mar-22,https://www.sciencedirect.com/science/article/pii/S1471772722000069,Managing paradoxical tensions in the development of a telemedicine system
"Volume 32, Issue 1",Mar-22,https://www.sciencedirect.com/science/article/pii/S1471772722000057,Legitimating digital technologies in industry exchange fields: The case of digital signatures
"Volume 32, Issue 1",Mar-22,https://www.sciencedirect.com/science/article/pii/S1471772722000021,"Figuring out IT markets: How and why industry analysts launch, adjust and abandon categories"
"Volume 32, Issue 1",Mar-22,https://www.sciencedirect.com/science/article/pii/S1471772722000033,Organizational scandal on social media: Workers whistleblowing on YouTube and Facebook
"Volume 32, Issue 1",Mar-22,https://www.sciencedirect.com/science/article/pii/S147177272200001X,Helping at NASA: Guidelines for using process consultation to develop impactful research
N/A,N/A,https://www.sciencedirect.com/science/article/pii/S147177272100049X,Editorial Board
N/A,N/A,https://www.sciencedirect.com/science/article/pii/S1471772721000440,New ways of working (NWW): Workplace transformation in the digital age
N/A,N/A,https://www.sciencedirect.com/science/article/pii/S1471772721000014,"Crowdworkers, social affirmation and work identity: Rethinking dominant assumptions of crowdwork"
N/A,N/A,https://www.sciencedirect.com/science/article/pii/S1471772721000300,The re-regulation of working communities and relationships in the context of flexwork: A spacing identity approach
N/A,N/A,https://www.sciencedirect.com/science/article/pii/S1471772721000191,From sites to vibes: Technology and the spatial production of coworking spaces
N/A,N/A,https://www.sciencedirect.com/science/article/pii/S1471772721000427,"Distributed seeing: Algorithms and the reconfiguration of the workplace, a case of 'automated' trading"
N/A,N/A,https://www.sciencedirect.com/science/article/pii/S1471772721000439,The (re-)configuration of digital work in the wake of profound technological innovation: Constellations and hidden work
"Volume 31, Issue 3",Sep-21,https://www.sciencedirect.com/science/article/pii/S1471772721000373,Editorial Board
"Volume 31, Issue 3",Sep-21,https://www.sciencedirect.com/science/article/pii/S1471772721000336,Who needs the help desk? Tackling one's own technological problem via self IT service
"Volume 31, Issue 3",Sep-21,https://www.sciencedirect.com/science/article/pii/S1471772721000324,Engaging with uncertainty: Information practices in the context of disease surveillance in Burkina Faso
"Volume 31, Issue 3",Sep-21,https://www.sciencedirect.com/science/article/pii/S1471772721000312,Overcoming resource challenges in peer-production communities through bricolage: The case of HomeNets
"Volume 31, Issue 2",Jun-21,https://www.sciencedirect.com/science/article/pii/S1471772721000245,Editorial Board
"Volume 31, Issue 2",Jun-21,https://www.sciencedirect.com/science/article/pii/S147177272100018X,Cultural metaphors and KMS appropriation: Drawing on Astérix to understand non-use in a large French company
"Volume 31, Issue 2",Jun-21,https://www.sciencedirect.com/science/article/pii/S1471772721000208,Managing information sharing: Interorganizational communication in collaborations with competitors
"Volume 31, Issue 2",Jun-21,https://www.sciencedirect.com/science/article/pii/S1471772720300580,The research-practice gap as a pragmatic knowledge boundary
"Volume 31, Issue 1",Mar-21,https://www.sciencedirect.com/science/article/pii/S1471772721000142,Editorial Board
"Volume 31, Issue 1",Mar-21,https://www.sciencedirect.com/science/article/pii/S1471772721000105,"Crisis as opportunity, disruption and exposure: Exploring emergent responses to crisis through digital technology"
"Volume 31, Issue 1",Mar-21,https://www.sciencedirect.com/science/article/pii/S1471772721000063,Institutional logics and innovation in times of crisis: Telemedicine as digital ‘PPE’
"Volume 31, Issue 1",Mar-21,https://www.sciencedirect.com/science/article/pii/S1471772721000026,Liminal innovation in practice: Understanding the reconfiguration of digital work in crisis
"Volume 31, Issue 1",Mar-21,https://www.sciencedirect.com/science/article/pii/S147177272100004X,Can digital innovations help reduce suffering? A crowd-based digital innovation framework of compassion venturing
"Volume 31, Issue 1",Mar-21,https://www.sciencedirect.com/science/article/pii/S1471772721000099,Experimenting during the shift to virtual team work: Learnings from how teams adapted their activities during the COVID-19 pandemic
"Volume 31, Issue 1",Mar-21,https://www.sciencedirect.com/science/article/pii/S1471772721000051,On the making of crystal balls: Five lessons about simulation modeling and the organization of work
"Volume 31, Issue 1",Mar-21,https://www.sciencedirect.com/science/article/pii/S1471772721000038,Unto the breach: What the COVID-19 pandemic exposes about digitalization
"Volume 31, Issue 1",Mar-21,https://www.sciencedirect.com/science/article/pii/S1471772721000087,Technology in the time of corona: A critical institutional reading
"Volume 31, Issue 1",Mar-21,https://www.sciencedirect.com/science/article/pii/S1471772721000075,Inequality of what? An intersectional approach to digital inequality under Covid-19
"Volume 30, Issue 4",Dec-20,https://www.sciencedirect.com/science/article/pii/S1471772720300531,Editorial Board
"Volume 30, Issue 4",Dec-20,https://www.sciencedirect.com/science/article/pii/S1471772720300476,Open government data platforms – A complex adaptive sociomaterial systems perspective
"Volume 30, Issue 4",Dec-20,https://www.sciencedirect.com/science/article/pii/S1471772720300464,Exploring the Role of IT in the Front-End of Innovation: An Empirical Study of IT-Enabled Creative Behavior
"Volume 30, Issue 4",Dec-20,https://www.sciencedirect.com/science/article/pii/S147177272030049X,Ambidextrous governance of IT-enabled services: A pragmatic approach
"Volume 30, Issue 4",Dec-20,https://www.sciencedirect.com/science/article/pii/S1471772720300488,Digital organizing of a global social movement: From connective to collective action
"Volume 30, Issue 3",Sep-20,https://www.sciencedirect.com/science/article/pii/S1471772720300427,Editorial Board
"Volume 30, Issue 3",Sep-20,https://www.sciencedirect.com/science/article/pii/S1471772720300269,Understanding constant connectivity to work: How and for whom is constant connectivity related to employee well-being?
"Volume 30, Issue 3",Sep-20,https://www.sciencedirect.com/science/article/pii/S1471772720300385,Unveiling the relevance of academic research: A practice-based view
"Volume 30, Issue 2",Jun-20,https://www.sciencedirect.com/science/article/pii/S1471772720300300,Editorial Board
"Volume 30, Issue 2",Jun-20,https://www.sciencedirect.com/science/article/pii/S1471772720300129,Coordination artifacts in Agile Software Development
"Volume 30, Issue 2",Jun-20,https://www.sciencedirect.com/science/article/pii/S1471772720300245,"A process approach to understanding multiple open source innovation contests – Assessing the contest structures, execution, and participant responses in the android developer challenges"
"Volume 30, Issue 2",Jun-20,https://www.sciencedirect.com/science/article/pii/S1471772720300233,Negativity decontaminating: Communication media affordances for emotion regulation strategies
"Volume 30, Issue 2",Jun-20,https://www.sciencedirect.com/science/article/pii/S1471772720300257,Breaking the vicious cycle of algorithmic management: A virtue ethics approach to people analytics
"Volume 30, Issue 2",Jun-20,https://www.sciencedirect.com/science/article/pii/S147177271830232X,Beyond design and use: How scholars should study intelligent technologies
"Volume 30, Issue 1",Mar-20,https://www.sciencedirect.com/science/article/pii/S1471772720300166,Editorial Board
"Volume 30, Issue 1",Mar-20,https://www.sciencedirect.com/science/article/pii/S1471772718301507,Keeping the family together: Sustainability and modularity in community source development
"Volume 30, Issue 1",Mar-20,https://www.sciencedirect.com/science/article/pii/S1471772718300915,Digital sand: The becoming of digital representations
"Volume 30, Issue 1",Mar-20,https://www.sciencedirect.com/science/article/pii/S1471772720300117,Why is the hypothetico-deductive (H-D) method in information systems not an H-D method?
"Volume 30, Issue 1",Mar-20,https://www.sciencedirect.com/science/article/pii/S1471772718302689,Changing the conversation on evaluating digital transformation in healthcare: Insights from an institutional analysis
"Volume 29, Issue 4",Dec-19,https://www.sciencedirect.com/science/article/pii/S147177271930329X,Editorial Board
"Volume 29, Issue 4",Dec-19,https://www.sciencedirect.com/science/article/pii/S147177271830112X,Using semiotics to analyze representational complexity in social media
"Volume 29, Issue 4",Dec-19,https://www.sciencedirect.com/science/article/pii/S1471772718301362,How field-level institutions become a part of organizations: A study of enterprise architecture as a tool for institutional change
"Volume 29, Issue 4",Dec-19,https://www.sciencedirect.com/science/article/pii/S1471772719300065,Partnering to create IT-based value: A contextual ambidexterity approach
"Volume 29, Issue 3",Sep-19,https://www.sciencedirect.com/science/article/pii/S1471772719302222,Editorial Board
"Volume 29, Issue 3",Sep-19,https://www.sciencedirect.com/science/article/pii/S1471772719302234,Publisher's Note
"Volume 29, Issue 3",Sep-19,https://www.sciencedirect.com/science/article/pii/S1471772719302179,"Digital organizing for social impact: Current insights and future research avenues on collective action, social movements, and digital technologies"
"Volume 29, Issue 3",Sep-19,https://www.sciencedirect.com/science/article/pii/S1471772717303470,From clicktivism to hacktivism: Understanding digital activism
"Volume 29, Issue 3",Sep-19,https://www.sciencedirect.com/science/article/pii/S1471772717303238,From the blogosphere into the parliament: The role of digital technologies in organizing social movements
"Volume 29, Issue 3",Sep-19,https://www.sciencedirect.com/science/article/pii/S1471772717302750,Producing solidarity in social media activism: The case of My Stealthy Freedom
"Volume 29, Issue 3",Sep-19,https://www.sciencedirect.com/science/article/pii/S1471772717302828,Organizing collective action: Does information and communication technology matter?
"Volume 29, Issue 3",Sep-19,https://www.sciencedirect.com/science/article/pii/S147177271830188X,Phenomenon-based problematization: Coordinating in the digital era
"Volume 29, Issue 2",Pages 77-118 (June 2019),https://www.sciencedirect.com/science/article/pii/S1471772719301186,Editorial Board
"Volume 29, Issue 2",Pages 77-118 (June 2019),https://www.sciencedirect.com/science/article/pii/S1471772717301550,Principles for the design of digital occupational health systems
"Volume 29, Issue 2",Pages 77-118 (June 2019),https://www.sciencedirect.com/science/article/pii/S1471772717302488,"On becoming a sociomaterial researcher: Exploring epistemological practices grounded in a relational, performative ontology"
"Volume 29, Issue 2",Pages 77-118 (June 2019),https://www.sciencedirect.com/science/article/pii/S1471772719300284,Governance and control in distributed ledgers: Understanding the challenges facing blockchain technology in financial services
"Volume 29, Issue 1",Pages 1-76 (March 2019),https://www.sciencedirect.com/science/article/pii/S1471772719300636,Editorial Board
"Volume 29, Issue 1",Pages 1-76 (March 2019),https://www.sciencedirect.com/science/article/pii/S1471772717300933,Digitalization mechanisms of health management information systems in developing countries
"Volume 29, Issue 1",Pages 1-76 (March 2019),https://www.sciencedirect.com/science/article/pii/S1471772717303639,Sharing my way to success: A case study on developing entrepreneurial ventures using social capital in an OSS community
"Volume 29, Issue 1",Pages 1-76 (March 2019),https://www.sciencedirect.com/science/article/pii/S147177271830006X,Revisiting IS research practice in the era of big data
"Volume 29, Issue 1",Pages 1-76 (March 2019),https://www.sciencedirect.com/science/article/pii/S1471772716302160,Creating compassion: How volunteering websites encourage prosocial behaviour
"Volume 28, Issue 4",Pages 153-210 (December 2018),https://www.sciencedirect.com/science/article/pii/S1471772718302653,Editorial Board
"Volume 28, Issue 4",Pages 153-210 (December 2018),https://www.sciencedirect.com/science/article/pii/S1471772718301684,Justifying health IT investments: A process model of framing practices and reputational value
"Volume 28, Issue 4",Pages 153-210 (December 2018),https://www.sciencedirect.com/science/article/pii/S147177271830068X,Collaboration risk management in IT-enabled asymmetric partnerships: Evidence from telestroke networks
"Volume 28, Issue 4",Pages 153-210 (December 2018),https://www.sciencedirect.com/science/article/pii/S1471772717302993,From public ideology to socio-material reproduction of agile principles: The case of pivotal labs
"Volume 28, Issue 3",Pages 111-152 (September 2018),https://www.sciencedirect.com/science/article/pii/S1471772718301969,Editorial Board
"Volume 28, Issue 3",Pages 111-152 (September 2018),https://www.sciencedirect.com/science/article/pii/S1471772717302129,A critical approach to human helping in information systems: Heteromation in the Brazilian correspondent banking system
"Volume 28, Issue 3",Pages 111-152 (September 2018),https://www.sciencedirect.com/science/article/pii/S147177271830174X,Community-based research: Engaging universities in technology-related knowledge exchanges
"Volume 28, Issue 3",Pages 111-152 (September 2018),https://www.sciencedirect.com/science/article/pii/S1471772718301659,Opening the envelope of health care information systems research
"Volume 28, Issue 2",Pages 71-110 (June 2018),https://www.sciencedirect.com/science/article/pii/S1471772718301180,Editorial Board
"Volume 28, Issue 2",Pages 71-110 (June 2018),https://www.sciencedirect.com/science/article/pii/S147177271630015X,IT-enabled awareness and self-directed leadership behaviors in virtual teams
"Volume 28, Issue 2",Pages 71-110 (June 2018),https://www.sciencedirect.com/science/article/pii/S1471772717303366,Recombination in the open-ended value landscape of digital innovation
"Volume 28, Issue 2",Pages 71-110 (June 2018),https://www.sciencedirect.com/science/article/pii/S1471772718300733,Reflections on digital innovation
"Volume 28, Issue 2",Pages 71-110 (June 2018),https://www.sciencedirect.com/science/article/pii/S1471772718300770,Architecture vs. ecosystem perspectives: Reflections on digital innovation
"Volume 28, Issue 2",Pages 71-110 (June 2018),https://www.sciencedirect.com/science/article/pii/S1471772718300757,"Recombination in digital innovation: Challenges, opportunities, and the importance of a theoretical framework"
"Volume 28, Issue 1","Pages 1-70, A1-A4 (March 2018)",https://www.sciencedirect.com/science/article/pii/S1471772718300484,Editorial Board
"Volume 28, Issue 1","Pages 1-70, A1-A4 (March 2018)",https://www.sciencedirect.com/science/article/pii/S1471772717300556,"The influence of gender, and race/ethnicity on advancement in information technology (IT)"
"Volume 28, Issue 1","Pages 1-70, A1-A4 (March 2018)",https://www.sciencedirect.com/science/article/pii/S1471772718300253,Introduction to the Research Impact and Contributions to Knowledge (RICK) Section
"Volume 28, Issue 1","Pages 1-70, A1-A4 (March 2018)",https://www.sciencedirect.com/science/article/pii/S1471772718300186,Academic-practitioner engaged scholarship
"Volume 28, Issue 1","Pages 1-70, A1-A4 (March 2018)",https://www.sciencedirect.com/science/article/pii/S1471772718300289,Bridging the research-practice divide: Harnessing expertise collaboration in making a wider set of contributions
"Volume 28, Issue 1","Pages 1-70, A1-A4 (March 2018)",https://www.sciencedirect.com/science/article/pii/S1471772718300265,Digital innovation and transformation: An institutional perspective
"Volume 28, Issue 1","Pages 1-70, A1-A4 (March 2018)",https://www.sciencedirect.com/science/article/pii/S1471772718300277,Working and organizing in the age of the learning algorithm
"Volume 27, Issue 4",Pages 191-226 (December 2017),https://www.sciencedirect.com/science/article/pii/S1471772717303524,Editorial Board
"Volume 27, Issue 4",Pages 191-226 (December 2017),https://www.sciencedirect.com/science/article/pii/S1471772716300653,Till data do us part: Understanding data-based value creation in data-intensive infrastructures
"Volume 27, Issue 4",Pages 191-226 (December 2017),https://www.sciencedirect.com/science/article/pii/S1471772717300192,"Theorizing managerial perceptions, enabling IT, and the social inclusion of workers with disabilities"
"Volume 27, Issue 3",Pages 137-190 (September 2017),https://www.sciencedirect.com/science/article/pii/S1471772717302361,Editorial Board
"Volume 27, Issue 3",Pages 137-190 (September 2017),https://www.sciencedirect.com/science/article/pii/S1471772716301452,Bracketing off the actors: Towards an action-centric research agenda
"Volume 27, Issue 3",Pages 137-190 (September 2017),https://www.sciencedirect.com/science/article/pii/S1471772716302524,Combining variance and process in information systems research: Hybrid approaches
"Volume 27, Issue 3",Pages 137-190 (September 2017),https://www.sciencedirect.com/science/article/pii/S1471772717301720,Taking the first step with systems theorizing in information systems: A response
"Volume 27, Issue 3",Pages 137-190 (September 2017),https://www.sciencedirect.com/science/article/pii/S1471772717300908,Why things happen – Developing the critical realist view of causal mechanisms
"Volume 27, Issue 2",Pages 73-136 (June 2017),https://www.sciencedirect.com/science/article/pii/S1471772717301434,Editorial Board
"Volume 27, Issue 2",Pages 73-136 (June 2017),https://www.sciencedirect.com/science/article/pii/S1471772717300489,White space and digital remediation of design practice in architecture: A case study of Frank O. Gehry
"Volume 27, Issue 2",Pages 73-136 (June 2017),https://www.sciencedirect.com/science/article/pii/S1471772717300957,Social media in qualitative research: Challenges and recommendations
"Volume 27, Issue 2",Pages 73-136 (June 2017),https://www.sciencedirect.com/science/article/pii/S1471772717300969,Affordance potency: Explaining the actualization of technology affordances
"Volume 27, Issue 2",Pages 73-136 (June 2017),https://www.sciencedirect.com/science/article/pii/S1471772716301816,Governing open source software through coordination processes
"Volume 27, Issue 1",Pages 1-72 (March 2017),https://www.sciencedirect.com/science/article/pii/S1471772717300660,Editorial Board
"Volume 27, Issue 1",Pages 1-72 (March 2017),https://www.sciencedirect.com/science/article/pii/S1471772716301154,"Information: Fundamental positions and their implications for information systems research, education and practice"
"Volume 27, Issue 1",Pages 1-72 (March 2017),https://www.sciencedirect.com/science/article/pii/S1471772716300306,An integrative semiotic methodology for IS research
"Volume 27, Issue 1",Pages 1-72 (March 2017),https://www.sciencedirect.com/science/article/pii/S147177271630080X,The evolutionary implications of social media for organizational knowledge management
"Volume 27, Issue 1",Pages 1-72 (March 2017),https://www.sciencedirect.com/science/article/pii/S1471772717300131,The social media revolution: Sharing and learning in the age of leaky knowledge
"Volume 27, Issue 1",Pages 1-72 (March 2017),https://www.sciencedirect.com/science/article/pii/S1471772717300088,What kind of world do we want to help make with our theories?
"Volume 27, Issue 1",Pages 1-72 (March 2017),https://www.sciencedirect.com/science/article/pii/S1471772717300118,Back to the future: A critique of Demetis and Lee's “Crafting theory to satisfy the requirements of systems science”
"Volume 26, Issue 4",Pages 101-146 (December 2016),https://www.sciencedirect.com/science/article/pii/S1471772716302366,Editorial Board
"Volume 26, Issue 4",Pages 101-146 (December 2016),https://www.sciencedirect.com/science/article/pii/S1471772716300148,Emerging technologies and the democratisation of financial services: A metatriangulation of crowdfunding research
"Volume 26, Issue 4",Pages 101-146 (December 2016),https://www.sciencedirect.com/science/article/pii/S1471772716300392,Crafting theory to satisfy the requirements of systems science
"Volume 26, Issue 4",Pages 101-146 (December 2016),https://www.sciencedirect.com/science/article/pii/S1471772716301932,Déjà Vu or Art Nouveau? A comment on Demetis and Lee's “Crafting theory to satisfy the requirements of systems science”
"Volume 26, Issue 4",Pages 101-146 (December 2016),https://www.sciencedirect.com/science/article/pii/S1471772716302275,Social networking as the production and consumption of a self
"Volume 26, Issue 3",Pages 45-100 (September 2016),https://www.sciencedirect.com/science/article/pii/S1471772716301476,Editorial Board
"Volume 26, Issue 3",Pages 45-100 (September 2016),https://www.sciencedirect.com/science/article/pii/S1471772716300902,Is it ‘augmented reality’? Contesting boundary work over the definitions and organizing visions for an emerging technology across field-configuring events
"Volume 26, Issue 3",Pages 45-100 (September 2016),https://www.sciencedirect.com/science/article/pii/S1471772715300798,Routine interdependencies as a source of stability and flexibility. A study of agile software development teams
"Volume 26, Issue 3",Pages 45-100 (September 2016),https://www.sciencedirect.com/science/article/pii/S1471772716301221,Making sense to decreasing citizen eParticipation through a social representation lens
"Volume 26, Issues 1–2",Pages 1-44 (June 2016),https://www.sciencedirect.com/science/article/pii/S1471772716301002,Editorial Board
"Volume 26, Issues 1–2",Pages 1-44 (June 2016),https://www.sciencedirect.com/science/article/pii/S1471772716300495,Expanding the horizons of digital social networks: Mixing big trace datasets with qualitative approaches
"Volume 26, Issues 1–2",Pages 1-44 (June 2016),https://www.sciencedirect.com/science/article/pii/S1471772716300550,Collective mindfulness in post-implementation IS adaptation processes
"Volume 26, Issues 1–2",Pages 1-44 (June 2016),https://www.sciencedirect.com/science/article/pii/S1471772716300720,Instituting facts: Data structures and institutional order
"Volume 25, Issue 4",Pages 191-232 (October 2015),https://www.sciencedirect.com/science/article/pii/S1471772715000330,Editorial Board
"Volume 25, Issue 4",Pages 191-232 (October 2015),https://www.sciencedirect.com/science/article/pii/S1471772715000305,Drift and shift in the organizing vision career for personal health records: An investigation of innovation discourse dynamics
"Volume 25, Issue 4",Pages 191-232 (October 2015),https://www.sciencedirect.com/science/article/pii/S1471772715000317,Variability in the use of mobile ICTs by homeworkers and its consequences for boundary management and social isolation
"Volume 25, Issue 3",Pages 137-190 (July 2015),https://www.sciencedirect.com/science/article/pii/S1471772715000251,Editorial Board
"Volume 25, Issue 3",Pages 137-190 (July 2015),https://www.sciencedirect.com/science/article/pii/S1471772715000135,The role of theory adaptation in the making of a reference discipline
"Volume 25, Issue 3",Pages 137-190 (July 2015),https://www.sciencedirect.com/science/article/pii/S1471772715000238,Technology as we do not know it: The extended practice of global software development
"Volume 25, Issue 3",Pages 137-190 (July 2015),https://www.sciencedirect.com/science/article/pii/S1471772715000147,Inside banks' information and control systems: Post-decision surprise and corporate disruption
"Volume 25, Issue 2",Pages 73-136 (April 2015),https://www.sciencedirect.com/science/article/pii/S1471772715000160,Editorial Board
"Volume 25, Issue 2",Pages 73-136 (April 2015),https://www.sciencedirect.com/science/article/pii/S147177271500010X,"Speaking as one, but not speaking up: Dealing with new moral taint in an occupational online community"
"Volume 25, Issue 2",Pages 73-136 (April 2015),https://www.sciencedirect.com/science/article/pii/S1471772715000111,How do firms influence open source software communities? A framework and empirical analysis of different governance modes
"Volume 25, Issue 2",Pages 73-136 (April 2015),https://www.sciencedirect.com/science/article/pii/S1471772715000123,The venues of high tech prediction: Presenting the future at industry analyst conferences
"Volume 25, Issue 1",Pages 1-72 (January 2015),https://www.sciencedirect.com/science/article/pii/S1471772715000032,Editorial Board
"Volume 25, Issue 1",Pages 1-72 (January 2015),https://www.sciencedirect.com/science/article/pii/S1471772714000402,Motivations of employees’ knowledge sharing behaviors: A self-determination perspective
"Volume 25, Issue 1",Pages 1-72 (January 2015),https://www.sciencedirect.com/science/article/pii/S1471772714000414,The emergence of boundary clusters in inter-organizational innovation
"Volume 25, Issue 1",Pages 1-72 (January 2015),https://www.sciencedirect.com/science/article/pii/S1471772714000426,“These days will never be forgotten …”: A critical mass approach to online activism
"Volume 24, Issue 4",Pages 195-290 (October 2014),https://www.sciencedirect.com/science/article/pii/S1471772714000335,Editorial Board
"Volume 24, Issue 4",Pages 195-290 (October 2014),https://www.sciencedirect.com/science/article/pii/S147177271400027X,Success factors in designing eParticipation initiatives
"Volume 24, Issue 4",Pages 195-290 (October 2014),https://www.sciencedirect.com/science/article/pii/S1471772714000281,Information asymmetry and power in a surveillance society
"Volume 24, Issue 4",Pages 195-290 (October 2014),https://www.sciencedirect.com/science/article/pii/S1471772714000293,Affordances for practice
"Volume 24, Issue 4",Pages 195-290 (October 2014),https://www.sciencedirect.com/science/article/pii/S1471772714000311,Beyond the organizational ‘container’: Conceptualizing 21st century sociotechnical work
"Volume 24, Issue 4",Pages 195-290 (October 2014),https://www.sciencedirect.com/science/article/pii/S147177271400030X,User knowledge transformation through design: A historical materialism perspective
"Volume 24, Issue 3",Pages 129-194 (July 2014),https://www.sciencedirect.com/science/article/pii/S1471772714000220,Editorial Board
"Volume 24, Issue 3",Pages 129-194 (July 2014),https://www.sciencedirect.com/science/article/pii/S1471772714000189,Visualizing institutional logics in sociomaterial practices
"Volume 24, Issue 3",Pages 129-194 (July 2014),https://www.sciencedirect.com/science/article/pii/S1471772714000190,Felt quality of sociomaterial relations: Introducing emotions into sociomaterial theorizing
"Volume 24, Issue 3",Pages 129-194 (July 2014),https://www.sciencedirect.com/science/article/pii/S1471772714000207,The interface between technology and customer cyberbullying: Evidence from India
"Volume 24, Issue 2",Pages 71-128 (April 2014),https://www.sciencedirect.com/science/article/pii/S147177271400013X,Editorial Board
"Volume 24, Issue 2",Pages 71-128 (April 2014),https://www.sciencedirect.com/science/article/pii/S1471772714000104,What have we learned from the Smart Machine?
"Volume 24, Issue 2",Pages 71-128 (April 2014),https://www.sciencedirect.com/science/article/pii/S1471772714000116,Dialogical strategies for orchestrating strategic innovation networks: The case of the Internet of Things
"Volume 24, Issue 1",Pages 1-70 (January 2014),https://www.sciencedirect.com/science/article/pii/S1471772714000050,Editorial Board
"Volume 24, Issue 1",Pages 1-70 (January 2014),https://www.sciencedirect.com/science/article/pii/S1471772713000432,IT-driven identity work: Creating a group identity in a digital environment
"Volume 24, Issue 1",Pages 1-70 (January 2014),https://www.sciencedirect.com/science/article/pii/S1471772714000025,Balancing on a tightrope: Managing the boundaries of a firm-sponsored OSS community and its impact on innovation and absorptive capacity
"Volume 24, Issue 1",Pages 1-70 (January 2014),https://www.sciencedirect.com/science/article/pii/S1471772714000037,"An integrative semiotic framework for information systems: The social, personal and material worlds"
"Volume 23, Issue 4",Pages 215-344 (October 2013),https://www.sciencedirect.com/science/article/pii/S1471772713000389,Editorial Board
"Volume 23, Issue 4",Pages 215-344 (October 2013),https://www.sciencedirect.com/science/article/pii/S1471772713000250,The communicative constitution of IT innovation
"Volume 23, Issue 4",Pages 215-344 (October 2013),https://www.sciencedirect.com/science/article/pii/S147177271300033X,Understanding the dynamics of learning across social worlds: A case study from implementing IS in the Ethiopian public health care system
"Volume 23, Issue 4",Pages 215-344 (October 2013),https://www.sciencedirect.com/science/article/pii/S1471772713000262,Visualizing an information technology project: The role of powerpoint presentations over time
"Volume 23, Issue 4",Pages 215-344 (October 2013),https://www.sciencedirect.com/science/article/pii/S1471772713000353,The role of theory in gender and information systems research
"Volume 23, Issue 4",Pages 215-344 (October 2013),https://www.sciencedirect.com/science/article/pii/S1471772713000341,"Scaling of HIS in a global context: Same, same, but different"
"Volume 23, Issue 4",Pages 215-344 (October 2013),https://www.sciencedirect.com/science/article/pii/S1471772713000365,Navigating the extended reach: Target experiences of cyberbullying at work
"Volume 23, Issue 3",Pages 149-214 (July 2013),https://www.sciencedirect.com/science/article/pii/S1471772713000286,Editorial Board
"Volume 23, Issue 3",Pages 149-214 (July 2013),https://www.sciencedirect.com/science/article/pii/S147177271300016X,Preconditions for public sector e-infrastructure development
"Volume 23, Issue 3",Pages 149-214 (July 2013),https://www.sciencedirect.com/science/article/pii/S1471772713000237,Transactive memory systems as a collective filter for mitigating information overload in digitally enabled organizational groups
"Volume 23, Issue 3",Pages 149-214 (July 2013),https://www.sciencedirect.com/science/article/pii/S1471772713000249,"The firm, the platform and the customer: A “double mangle” interpretation of social media for innovation"
"Volume 23, Issue 2",Pages 59-148 (April 2013),https://www.sciencedirect.com/science/article/pii/S1471772713000183,Editorial Board
"Volume 23, Issue 2",Pages 59-148 (April 2013),https://www.sciencedirect.com/science/article/pii/S1471772713000067,Theoretical foundations for the study of sociomateriality
"Volume 23, Issue 2",Pages 59-148 (April 2013),https://www.sciencedirect.com/science/article/pii/S1471772713000079,Sociomateriality — taking the wrong turning? A response to Mutch
"Volume 23, Issue 2",Pages 59-148 (April 2013),https://www.sciencedirect.com/science/article/pii/S1471772713000043,"Managing metadata: Networks of practice, technological frames, and metadata work in a digital library"
"Volume 23, Issue 2",Pages 59-148 (April 2013),https://www.sciencedirect.com/science/article/pii/S1471772713000158,Drivers of context-specific ICT use across work and nonwork domains: A boundary theory perspective
"Volume 23, Issue 2",Pages 59-148 (April 2013),https://www.sciencedirect.com/science/article/pii/S1471772713000146,Rallying competencies in virtual communities: A study of core processes and user interest in open source software projects
"Volume 23, Issue 1",Pages 1-58 (January 2013),https://www.sciencedirect.com/science/article/pii/S1471772713000092,Editorial Board
"Volume 23, Issue 1",Pages 1-58 (January 2013),https://www.sciencedirect.com/science/article/pii/S1471772712000371,Artifacts that organize: Delegation in the distributed organization
"Volume 23, Issue 1",Pages 1-58 (January 2013),https://www.sciencedirect.com/science/article/pii/S147177271300002X,Sociomateriality at the royal court of IS: A jester's monologue
"Volume 23, Issue 1",Pages 1-58 (January 2013),https://www.sciencedirect.com/science/article/pii/S1471772713000055,Sociomateriality — Taking the wrong turning?
"Volume 23, Issue 1",Pages 1-58 (January 2013),https://www.sciencedirect.com/science/article/pii/S1471772713000031,Beyond the computer: Changing medium from digital to physical
"Volume 22, Issue 4",Pages 209-322 (October 2012),https://www.sciencedirect.com/science/article/pii/S1471772712000395,Editorial Board
"Volume 22, Issue 4",Pages 209-322 (October 2012),https://www.sciencedirect.com/science/article/pii/S1471772712000322,Exploring preconditions for open innovation: Value networks in industrial firms
"Volume 22, Issue 4",Pages 209-322 (October 2012),https://www.sciencedirect.com/science/article/pii/S1471772712000334,From disruptions to struggles: Theorizing power in ERP implementation projects
"Volume 22, Issue 4",Pages 209-322 (October 2012),https://www.sciencedirect.com/science/article/pii/S1471772712000346,Institutional effects in the adoption of e-business-technology: Evidence from the German automotive supplier industry
"Volume 22, Issue 4",Pages 209-322 (October 2012),https://www.sciencedirect.com/science/article/pii/S1471772712000358,A narrative networks approach to understanding coordination practices in emergency response
"Volume 22, Issue 4",Pages 209-322 (October 2012),https://www.sciencedirect.com/science/article/pii/S147177271200036X,How does PLM technology support knowledge transfer and translation in new product development? Transparency and boundary spanners in an international context
"Volume 22, Issue 3",Pages 169-208 (July 2012),https://www.sciencedirect.com/science/article/pii/S1471772712000255,Editorial Board
"Volume 22, Issue 3",Pages 169-208 (July 2012),https://www.sciencedirect.com/science/article/pii/S147177271200022X,The family resemblance of technologically mediated work practices
"Volume 22, Issue 3",Pages 169-208 (July 2012),https://www.sciencedirect.com/science/article/pii/S1471772712000231,"People, practice, and technology: Restoring Giddens' broader philosophy to the study of information systems"
"Volume 22, Issue 2",Pages 85-168 (April 2012),https://www.sciencedirect.com/science/article/pii/S1471772712000152,Editorial Board
"Volume 22, Issue 2",Pages 85-168 (April 2012),https://www.sciencedirect.com/science/article/pii/S1471772712000024,Dual materiality and knowing in petroleum production
"Volume 22, Issue 2",Pages 85-168 (April 2012),https://www.sciencedirect.com/science/article/pii/S1471772712000139,"eHR software, multinational corporations and emerging China: Exploring the role of information through a postcolonial lens"
"Volume 22, Issue 2",Pages 85-168 (April 2012),https://www.sciencedirect.com/science/article/pii/S1471772712000127,The institutionalization of information system project management practices
"Volume 22, Issue 2",Pages 85-168 (April 2012),https://www.sciencedirect.com/science/article/pii/S1471772712000115,Technology-as-text in the communicative constitution of organization
"Volume 22, Issue 1",Pages 1-84 (January 2012),https://www.sciencedirect.com/science/article/pii/S1471772712000048,Editorial Board
"Volume 22, Issue 1",Pages 1-84 (January 2012),https://www.sciencedirect.com/science/article/pii/S1471772711000509,Unpacking ostensive and performative aspects of organisational routines in the context of monitoring systems: A critical realist approach
"Volume 22, Issue 1",Pages 1-84 (January 2012),https://www.sciencedirect.com/science/article/pii/S1471772711000492,Context and the processes of ICT for development
"Volume 22, Issue 1",Pages 1-84 (January 2012),https://www.sciencedirect.com/science/article/pii/S1471772711000510,Knowledge management technology as a stage for strategic self-presentation: Implications for knowledge sharing in organizations
"Volume 22, Issue 1",Pages 1-84 (January 2012),https://www.sciencedirect.com/science/article/pii/S1471772711000522,Witty invention or dubious fad? Using argument mapping to examine the contours of management fashion
"Volume 21, Issue 4",Pages 177-218 (December 2011),https://www.sciencedirect.com/science/article/pii/S1471772711000406,Editorial Board
"Volume 21, Issue 4",Pages 177-218 (December 2011),https://www.sciencedirect.com/science/article/pii/S1471772711000388,Unpacking researchers' creativity and imagination in grounded theorizing: An exemplar from IS research
"Volume 21, Issue 4",Pages 177-218 (December 2011),https://www.sciencedirect.com/science/article/pii/S1471772711000315,Who decides the shape of product markets? The knowledge institutions that name and categorise new technologies
"Volume 21, Issue 3",Pages 123-176 (November 2011),https://www.sciencedirect.com/science/article/pii/S1471772711000339,Editorial Board
"Volume 21, Issue 3",Pages 123-176 (November 2011),https://www.sciencedirect.com/science/article/pii/S1471772711000285,Habermas and information systems research: New directions
"Volume 21, Issue 3",Pages 123-176 (November 2011),https://www.sciencedirect.com/science/article/pii/S1471772711000297,Examining the antecedents of work connectivity behavior during non-work time
"Volume 21, Issue 3",Pages 123-176 (November 2011),https://www.sciencedirect.com/science/article/pii/S1471772711000303,Demystifying case research: A structured–pragmatic–situational (SPS) approach to conducting case studies
"Volume 21, Issue 2",Pages 57-122 (April 2011),https://www.sciencedirect.com/science/article/pii/S1471772711000212,Editorial Board
"Volume 21, Issue 2",Pages 57-122 (April 2011),https://www.sciencedirect.com/science/article/pii/S1471772711000133,Organizational culture and information systems adoption: A three-perspective approach
"Volume 21, Issue 2",Pages 57-122 (April 2011),https://www.sciencedirect.com/science/article/pii/S1471772711000121,The domestication of online technologies by smaller businesses and the ‘busy day’
"Volume 21, Issue 2",Pages 57-122 (April 2011),https://www.sciencedirect.com/science/article/pii/S147177271100011X,On sociomaterial imbrications: What plagiarism detection systems reveal and why it matters
"Volume 21, Issue 1",Pages 1-56 (January 2011),https://www.sciencedirect.com/science/article/pii/S1471772711000042,Editorial Board
"Volume 21, Issue 1",Pages 1-56 (January 2011),https://www.sciencedirect.com/science/article/pii/S1471772710000412,Designing interviews to generate rich data for information systems research
"Volume 21, Issue 1",Pages 1-56 (January 2011),https://www.sciencedirect.com/science/article/pii/S1471772710000345,An agenda for ‘Green’ information technology and systems research
"Volume 21, Issue 1",Pages 1-56 (January 2011),https://www.sciencedirect.com/science/article/pii/S1471772711000029,"Mobile phones during work and non-work time: A case study of mobile, non-managerial workers"
"Volume 20, Issues 3–4",Pages 133-206 (July–October 2010),https://www.sciencedirect.com/science/article/pii/S1471772710000369,Editorial Board
"Volume 20, Issues 3–4",Pages 133-206 (July–October 2010),https://www.sciencedirect.com/science/article/pii/S1471772710000229,The process of embedding new information technology artifacts into innovative design practices
"Volume 20, Issues 3–4",Pages 133-206 (July–October 2010),https://www.sciencedirect.com/science/article/pii/S147177271000031X,Generative mechanisms for innovation in information infrastructures
"Volume 20, Issues 3–4",Pages 133-206 (July–October 2010),https://www.sciencedirect.com/science/article/pii/S1471772710000321,The three tiers architecture of knowledge flow and management activities
"Volume 20, Issues 3–4",Pages 133-206 (July–October 2010),https://www.sciencedirect.com/science/article/pii/S1471772710000333,Local assimilation of an enterprise system: Situated learning by means of familiarity pockets
"Volume 20, Issue 2",Pages 81-132 (April 2010),https://www.sciencedirect.com/science/article/pii/S1471772710000242,Editorial Board
"Volume 20, Issue 2",Pages 81-132 (April 2010),https://www.sciencedirect.com/science/article/pii/S1471772710000205,"Software, sports day and sheera: Culture and identity processes within a global software organization in India"
"Volume 20, Issue 2",Pages 81-132 (April 2010),https://www.sciencedirect.com/science/article/pii/S1471772710000217,Discursive construction of ‘user innovations’ in the open source software development context
"Volume 20, Issue 1",Pages 1-80 (January 2010),https://www.sciencedirect.com/science/article/pii/S1471772710000096,Editorial Board/Publication Info
"Volume 20, Issue 1",Pages 1-80 (January 2010),https://www.sciencedirect.com/science/article/pii/S1471772709000323,Hermeneutical exegesis in information systems design and use
"Volume 20, Issue 1",Pages 1-80 (January 2010),https://www.sciencedirect.com/science/article/pii/S1471772709000414,Living with numbers: Accounting for subjectivity in/with management accounting systems
"Volume 20, Issue 1",Pages 1-80 (January 2010),https://www.sciencedirect.com/science/article/pii/S1471772710000023,Getting on the same page: Collective hermeneutics in a systems development team
"Volume 20, Issue 1",Pages 1-80 (January 2010),https://www.sciencedirect.com/science/article/pii/S1471772710000035,Organizing technologies of vision: Making the invisible visible in media-laden observations
"Volume 20, Issue 1",Pages 1-80 (January 2010),https://www.sciencedirect.com/science/article/pii/S1471772709000426,Corrigendum to “Post local forms of repair: The (extended) situation of virtualised technical support” [Information and Organization 19 (2009) 253–276]
"Volume 19, Issue 4",Pages 199-294 (October 2009),https://www.sciencedirect.com/science/article/pii/S1471772709000347,Editorial Board/Publication Info
"Volume 19, Issue 4",Pages 199-294 (October 2009),https://www.sciencedirect.com/science/article/pii/S1471772709000141,Between meaning and machine: Learning to represent the knowledge of communities
"Volume 19, Issue 4",Pages 199-294 (October 2009),https://www.sciencedirect.com/science/article/pii/S1471772709000220,"A field study of corporate employee monitoring: Attitudes, absenteeism, and the moderating influences of procedural justice perceptions"
"Volume 19, Issue 4",Pages 199-294 (October 2009),https://www.sciencedirect.com/science/article/pii/S1471772709000293,Turn to the material: Remote diagnostics systems and new forms of boundary-spanning
"Volume 19, Issue 4",Pages 199-294 (October 2009),https://www.sciencedirect.com/science/article/pii/S147177270900030X,Post local forms of repair: The (extended) situation of virtualised technical support
"Volume 19, Issue 4",Pages 199-294 (October 2009),https://www.sciencedirect.com/science/article/pii/S1471772709000311,Time as symbolic currency in knowledge work
N/A,N/A,https://www.sciencedirect.com/science/article/pii/S1471772709000244,Editorial Board/Publication Info
N/A,N/A,https://www.sciencedirect.com/science/article/pii/S1471772709000153,Introduction to designing information and organizations with a positive lens
N/A,N/A,https://www.sciencedirect.com/science/article/pii/S147177270900013X,Beyond being aware
N/A,N/A,https://www.sciencedirect.com/science/article/pii/S1471772709000128,Open and free deliberation: A prerequisite for positive design
"Volume 19, Issue 2",Pages 63-152 (April 2009),https://www.sciencedirect.com/science/article/pii/S1471772709000177,Editorial Board/Publication Info
"Volume 19, Issue 2",Pages 63-152 (April 2009),https://www.sciencedirect.com/science/article/pii/S1471772708000286,"Building participatory HIS networks: A case study from Kerala, India"
"Volume 19, Issue 2",Pages 63-152 (April 2009),https://www.sciencedirect.com/science/article/pii/S1471772708000390,Restoring balance: How history tilts the scales against privacy. An Actor-Network Theory investigation
"Volume 19, Issue 2",Pages 63-152 (April 2009),https://www.sciencedirect.com/science/article/pii/S1471772709000104,From psoriasis to a number and back
"Volume 19, Issue 2",Pages 63-152 (April 2009),https://www.sciencedirect.com/science/article/pii/S1471772709000116,The sociology of a market analysis tool: How industry analysts sort vendors and organize markets
"Volume 19, Issue 1",Pages 1-62 (January 2009),https://www.sciencedirect.com/science/article/pii/S1471772709000037,Editorial Board/Publication Info
"Volume 19, Issue 1",Pages 1-62 (January 2009),https://www.sciencedirect.com/science/article/pii/S1471772707000425,No man is an island: Social and human capital in IT capacity building in the Maldives
"Volume 19, Issue 1",Pages 1-62 (January 2009),https://www.sciencedirect.com/science/article/pii/S1471772708000134,"Task, technology, and tailoring in communicative action: An in-depth analysis of group communication"
"Volume 19, Issue 1",Pages 1-62 (January 2009),https://www.sciencedirect.com/science/article/pii/S1471772708000274,The cinematic mode of organizing: Media and the problem of attention in organization theory
"Volume 19, Issue 1",Pages 1-62 (January 2009),https://www.sciencedirect.com/science/article/pii/S1471772708000389,To the memory of our friend and colleague Heinz K. Klein
"Volume 18, Issue 4",Pages 235-334 (October 2008),https://www.sciencedirect.com/science/article/pii/S1471772708000316,Editorial Board/Publication Info
"Volume 18, Issue 4",Pages 235-334 (October 2008),https://www.sciencedirect.com/science/article/pii/S1471772708000298,"Designing routines: On the folly of designing artifacts, while hoping for patterns of action"
"Volume 18, Issue 4",Pages 235-334 (October 2008),https://www.sciencedirect.com/science/article/pii/S147177270800002X,Sensitive cabbies: Ongoing sense-making within technology structuring
"Volume 18, Issue 4",Pages 235-334 (October 2008),https://www.sciencedirect.com/science/article/pii/S1471772708000262,The structure of the IS discipline reconsidered: Implications and reflections from a community of practice perspective
"Volume 18, Issue 4",Pages 235-334 (October 2008),https://www.sciencedirect.com/science/article/pii/S1471772708000031,Parasitism and Internet auction fraud: An exploration
"Volume 18, Issue 3",Pages 159-234 (2008),https://www.sciencedirect.com/science/article/pii/S147177270800016X,Editorial Board/Publication Info
"Volume 18, Issue 3",Pages 159-234 (2008),https://www.sciencedirect.com/science/article/pii/S1471772708000067,Materiality and change: Challenges to building better theory about technology and organizing
"Volume 18, Issue 3",Pages 159-234 (2008),https://www.sciencedirect.com/science/article/pii/S1471772707000516,Bridging social and technical interfaces in organizations: An interpretive analysis of time-space distanciation
"Volume 18, Issue 3",Pages 159-234 (2008),https://www.sciencedirect.com/science/article/pii/S1471772708000146,"Adoption of information systems innovations by individuals: A study of processes involving contextual, adopter, and influencer actions"
"Volume 18, Issue 2",Pages 73-158 (2008),https://www.sciencedirect.com/science/article/pii/S1471772708000080,Editorial Board/Publication Info
"Volume 18, Issue 2",Pages 73-158 (2008),https://www.sciencedirect.com/science/article/pii/S1471772707000322,Implementation costs of IS-enabled organizational change
"Volume 18, Issue 2",Pages 73-158 (2008),https://www.sciencedirect.com/science/article/pii/S1471772707000401,"Messaging specifications, properties and gratifications as institutions: How messaging institutions shaped wireless service diffusion in Norway and Japan"
"Volume 18, Issue 2",Pages 73-158 (2008),https://www.sciencedirect.com/science/article/pii/S1471772708000043,Performing catharsis: The use of online discussion forums in organizational change
"Volume 18, Issue 2",Pages 73-158 (2008),https://www.sciencedirect.com/science/article/pii/S1471772708000055,Addendum to “Negotiating ‘best practices’ in package software implementation” [Information and Organization 18 (2008) 1–28]
"Volume 18, Issue 1",Pages 1-72 (2008),https://www.sciencedirect.com/science/article/pii/S1471772707000309,Negotiating “best practices” in package software implementation
"Volume 18, Issue 1",Pages 1-72 (2008),https://www.sciencedirect.com/science/article/pii/S1471772707000395,Customer relationship management in call centers: The uneasy process of re(form)ing the subject through the ‘people-by-numbers’ approach
"Volume 18, Issue 1",Pages 1-72 (2008),https://www.sciencedirect.com/science/article/pii/S1471772707000413,Capturing reflexivity modes in IS: A critical realist approach
"Volume 17, Issue 4",Pages 193-266 (2007),https://www.sciencedirect.com/science/article/pii/S1471772707000231,“How may I help you?” Politeness in computer-mediated and face-to-face library reference transactions
"Volume 17, Issue 4",Pages 193-266 (2007),https://www.sciencedirect.com/science/article/pii/S1471772707000310,Interpreting IS alignment: A multiple case study in professional organizations
"Volume 17, Issue 3",Pages 131-192 (2007),https://www.sciencedirect.com/science/article/pii/S147177270700022X,Technology choice and its performance: Towards a sociology of software package procurement
"Volume 17, Issue 3",Pages 131-192 (2007),https://www.sciencedirect.com/science/article/pii/S1471772707000127,"“I am kind of a nomad where I have to go places and places”… Understanding mobility, place and identity in global software work from India"
"Volume 17, Issue 2",Pages 59-130 (2007),https://www.sciencedirect.com/science/article/pii/S1471772707000097,Launching professional services automation: Institutional entrepreneurship for information technology innovations
"Volume 17, Issue 2",Pages 59-130 (2007),https://www.sciencedirect.com/science/article/pii/S1471772707000103,Hybrid buyer–supplier relationships in global electronic markets
"Volume 17, Issue 2",Pages 59-130 (2007),https://www.sciencedirect.com/science/article/pii/S1471772707000115,"User appropriation of mobile technologies: Motives, conditions and design properties"
"Volume 17, Issue 1",Pages 1-58 (2007),https://www.sciencedirect.com/science/article/pii/S1471772707000036,Editorial Board/Publication Info
"Volume 17, Issue 1",Pages 1-58 (2007),https://www.sciencedirect.com/science/article/pii/S1471772706000364,Editorial
"Volume 17, Issue 1",Pages 1-58 (2007),https://www.sciencedirect.com/science/article/pii/S1471772706000352,The qualitative interview in IS research: Examining the craft
"Volume 17, Issue 1",Pages 1-58 (2007),https://www.sciencedirect.com/science/article/pii/S1471772706000340,Mechanisms for sharing knowledge in project-based organizations
"Volume 16, Issue 4",Pages 277-324 (2006),https://www.sciencedirect.com/science/article/pii/S1471772706000236,Affection not affliction: The role of emotions in information systems and organizational change
"Volume 16, Issue 4",Pages 277-324 (2006),https://www.sciencedirect.com/science/article/pii/S1471772706000224,Understanding the perpetration of employee computer crime in the organisational context
"Volume 16, Issue 4",Pages 277-324 (2006),https://www.sciencedirect.com/science/article/pii/S1471772706000315,Volume Contents and Author Index
"Volume 16, Issue 3",Pages 191-276 (September 2006),https://www.sciencedirect.com/science/article/pii/S147177270600011X,Overcoming theory-practice inconsistencies: Critical realism and information systems research
"Volume 16, Issue 3",Pages 191-276 (September 2006),https://www.sciencedirect.com/science/article/pii/S1471772706000133,"What is IT?: SAP, accounting, and visibility in a multinational organisation"
"Volume 16, Issue 3",Pages 191-276 (September 2006),https://www.sciencedirect.com/science/article/pii/S1471772706000121,"The creation of ‘best practice’ software: Myth, reality and ethics"
"Volume 16, Issue 2",Pages 109-190 (May 2006),https://www.sciencedirect.com/science/article/pii/S1471772706000030,Mounting effective IT based customer service operations under emergent conditions: Deconstructing myth as a basis of understanding
"Volume 16, Issue 2",Pages 109-190 (May 2006),https://www.sciencedirect.com/science/article/pii/S1471772705000527,The contradictions of CRM – a critical lens on call centres
"Volume 16, Issue 2",Pages 109-190 (May 2006),https://www.sciencedirect.com/science/article/pii/S1471772706000029,The workflow application as an unintended medium for organizational learning: A longitudinal field study
"Volume 16, Issue 1",Pages 1-108 (January 2006),https://www.sciencedirect.com/science/article/pii/S1471772705000369,The paradoxes of knowledge management: An eastern philosophical perspective
"Volume 16, Issue 1",Pages 1-108 (January 2006),https://www.sciencedirect.com/science/article/pii/S1471772705000436,Negotiating ICT development and use: The case of a telemedicine system in the healthcare region of Crete
"Volume 16, Issue 1",Pages 1-108 (January 2006),https://www.sciencedirect.com/science/article/pii/S1471772705000515,The contradictions of CRM – A critical lens on call centres
"Volume 16, Issue 1",Pages 1-108 (January 2006),https://www.sciencedirect.com/science/article/pii/S1471772705000345,Forty years of the corporate information technology function at Texaco Inc. – A history
"Volume 15, Issue 4",Pages 267-376 (October 2005),https://www.sciencedirect.com/science/article/pii/S147177270500045X,Editorial board
"Volume 15, Issue 4",Pages 267-376 (October 2005),https://www.sciencedirect.com/science/article/pii/S1471772705000175,"If fair information principles are the answer, what was the question? An actor-network theory investigation of the modern constitution of privacy"
"Volume 15, Issue 4",Pages 267-376 (October 2005),https://www.sciencedirect.com/science/article/pii/S1471772705000126,Information technology and culture: Identifying fragmentary and holistic perspectives of culture
"Volume 15, Issue 4",Pages 267-376 (October 2005),https://www.sciencedirect.com/science/article/pii/S1471772704000557,Analysis of modern IS security development approaches: towards the next generation of social and adaptable ISS methods
"Volume 15, Issue 4",Pages 267-376 (October 2005),https://www.sciencedirect.com/science/article/pii/S1471772705000485,Volume Contents and Index
N/A,N/A,https://www.sciencedirect.com/science/article/pii/S1471772705000291,Editorial board
N/A,N/A,https://www.sciencedirect.com/science/article/pii/S1471772705000357,Information technology as organization/disorganization
N/A,N/A,https://www.sciencedirect.com/science/article/pii/S1471772705000084,The order of technology: Complexity and control in a connected world
N/A,N/A,https://www.sciencedirect.com/science/article/pii/S1471772705000096,A call to (Dis)order: An ethnomethodological study of information technology “Disruptions” in the courtroom
N/A,N/A,https://www.sciencedirect.com/science/article/pii/S1471772705000102,Organised detachment: Clearinghouse mechanisms in financial markets
N/A,N/A,https://www.sciencedirect.com/science/article/pii/S1471772705000114,Delays and interruptions: A self-perpetuating paradox of communication technology use
"Volume 15, Issue 2",Pages 91-180 (April 2005),https://www.sciencedirect.com/science/article/pii/S1471772705000199,Editorial board
"Volume 15, Issue 2",Pages 91-180 (April 2005),https://www.sciencedirect.com/science/article/pii/S1471772705000138,"Social impacts of ubiquitous computing: Exploring critical interactions between mobility, context and technology: A Special Issue for Information and Organization"
"Volume 15, Issue 2",Pages 91-180 (April 2005),https://www.sciencedirect.com/science/article/pii/S147177270500014X,Multi-contextuality in ubiquitous computing: Investigating the car case through action research
"Volume 15, Issue 2",Pages 91-180 (April 2005),https://www.sciencedirect.com/science/article/pii/S1471772705000151,Tales from the police: Rhythms of interaction with mobile technologies
"Volume 15, Issue 2",Pages 91-180 (April 2005),https://www.sciencedirect.com/science/article/pii/S1471772705000163,Human agency in a wireless world: Patterns of technology use in nomadic computing environments
"Volume 15, Issue 1",Pages 1-90 (January 2005),https://www.sciencedirect.com/science/article/pii/S1471772704000569,Panoptic empowerment and reflective conformity in enterprise systems-enabled organizations
"Volume 15, Issue 1",Pages 1-90 (January 2005),https://www.sciencedirect.com/science/article/pii/S1471772704000545,"Corporate culture, absorptive capacity and IT success"
"Volume 15, Issue 1",Pages 1-90 (January 2005),https://www.sciencedirect.com/science/article/pii/S1471772704000533,Representations and actions: the transformation of work practices with IT use
"Volume 14, Issue 4",Pages 237-366 (October 2004),https://www.sciencedirect.com/science/article/pii/S1471772704000442,Editorial board
"Volume 14, Issue 4",Pages 237-366 (October 2004),https://www.sciencedirect.com/science/article/pii/S1471772704000417,The organizing vision of application service provision: a process-oriented analysis
"Volume 14, Issue 4",Pages 237-366 (October 2004),https://www.sciencedirect.com/science/article/pii/S1471772704000429,Implementing property tax reforms in Bangalore: an actor-network perspective
"Volume 14, Issue 4",Pages 237-366 (October 2004),https://www.sciencedirect.com/science/article/pii/S1471772704000405,Groupware adoption in a distributed organization: transporting and transforming technology through social worlds
"Volume 14, Issue 4",Pages 237-366 (October 2004),https://www.sciencedirect.com/science/article/pii/S1471772704000338,Embedded knowledge and offshore software development
"Volume 14, Issue 4",Pages 237-366 (October 2004),https://www.sciencedirect.com/science/article/pii/S147177270400048X,Contents and author index for volume 14
"Volume 14, Issue 3",Pages 155-236 (July 2004),https://www.sciencedirect.com/science/article/pii/S1471772704000351,Editorial Board
"Volume 14, Issue 3",Pages 155-236 (July 2004),https://www.sciencedirect.com/science/article/pii/S1471772704000156,Pushing the contextual envelope: developing and diffusing IS theory for health information systems research
"Volume 14, Issue 3",Pages 155-236 (July 2004),https://www.sciencedirect.com/science/article/pii/S1471772704000119,Information systems and partnership in multi-agency networks: an action research project in crime reduction
"Volume 14, Issue 3",Pages 155-236 (July 2004),https://www.sciencedirect.com/science/article/pii/S1471772704000120,Consumer subjectivity in the Age of Internet: the radical concept of marketing control through customer relationship management
N/A,N/A,https://www.sciencedirect.com/science/article/pii/S1471772704000223,Editorial Board
N/A,N/A,https://www.sciencedirect.com/science/article/pii/S147177270400020X,Introduction to Critical Realism
N/A,N/A,https://www.sciencedirect.com/science/article/pii/S1471772704000168,Real-izing information systems: critical realism as an underpinning philosophy for information systems
N/A,N/A,https://www.sciencedirect.com/science/article/pii/S1471772704000181,"Einstein, Heisenberg, Kant: methodological distinction and conditions of possibilities"
N/A,N/A,https://www.sciencedirect.com/science/article/pii/S147177270400017X,Seeking the new and the critical in critical realism: déjà vu?
N/A,N/A,https://www.sciencedirect.com/science/article/pii/S1471772704000193,Critical realism and information systems: brief responses to Monod and Klein
"Volume 14, Issue 1",Pages 1-84 (January 2004),https://www.sciencedirect.com/science/article/pii/S147177270400003X,Editorial Board
"Volume 14, Issue 1",Pages 1-84 (January 2004),https://www.sciencedirect.com/science/article/pii/S1471772703000356,"Interpersonal trust in cross-functional, geographically distributed work: A longitudinal study"
"Volume 14, Issue 1",Pages 1-84 (January 2004),https://www.sciencedirect.com/science/article/pii/S1471772703000368,Emergent leadership in virtual teams: what do emergent leaders do?
"Volume 14, Issue 1",Pages 1-84 (January 2004),https://www.sciencedirect.com/science/article/pii/S147177270300037X,Discursive articulations of presence in virtual organizing
"Volume 14, Issue 1",Pages 1-84 (January 2004),https://www.sciencedirect.com/science/article/pii/S1471772703000344,Call for Papers
"Volume 13, Issue 4",Pages 231-313 (October 2003),https://www.sciencedirect.com/science/article/pii/S1471772703000253,Editorial Board
"Volume 13, Issue 4",Pages 231-313 (October 2003),https://www.sciencedirect.com/science/article/pii/S1471772703000137,On the phenomenology of technology: the “Janus-faces” of mobile phones
"Volume 13, Issue 4",Pages 231-313 (October 2003),https://www.sciencedirect.com/science/article/pii/S147177270300023X,The expert system: constructing expertise in an IT/management consultancy
"Volume 13, Issue 4",Pages 231-313 (October 2003),https://www.sciencedirect.com/science/article/pii/S1471772703000125,"Networks, negotiations, and new times: the implementation of enterprise resource planning into an academic administration"
"Volume 13, Issue 4",Pages 231-313 (October 2003),https://www.sciencedirect.com/science/article/pii/S1471772703000289,Volume Index
"Volume 13, Issue 3",Pages 151-229 (July 2003),https://www.sciencedirect.com/science/article/pii/S1471772703000150,Editorial Board
"Volume 13, Issue 3",Pages 151-229 (July 2003),https://www.sciencedirect.com/science/article/pii/S1471772703000228,Editorial Board
"Volume 13, Issue 3",Pages 151-229 (July 2003),https://www.sciencedirect.com/science/article/pii/S147177270200026X,The evolution of coordination in outsourced software development projects: a comparison of client and vendor perspectives
"Volume 13, Issue 3",Pages 151-229 (July 2003),https://www.sciencedirect.com/science/article/pii/S1471772703000113,"Mechanisms for producing a working knowledge: Enacting, orchestrating and organizing"
"Volume 13, Issue 2",Pages 85-150 (April 2003),https://www.sciencedirect.com/science/article/pii/S1471772703000034,Editorial Board
"Volume 13, Issue 2",Pages 85-150 (April 2003),https://www.sciencedirect.com/science/article/pii/S1471772702000222,An investigation of the effects of decisional guidance and cognitive ability on decision-making involving uncertainty data
"Volume 13, Issue 2",Pages 85-150 (April 2003),https://www.sciencedirect.com/science/article/pii/S1471772702000258,Intertwining material and virtual work
"Volume 13, Issue 2",Pages 85-150 (April 2003),https://www.sciencedirect.com/science/article/pii/S1471772702000246,"Technologies of trust: actuarial theory, insurance sciences, and the establishment of the welfare state in Germany and Switzerland around 1900"
"Volume 13, Issue 1",Pages 1-84 (January 2003),https://www.sciencedirect.com/science/article/pii/S1471772702000234,Paradoxes of participatory practices: the Janus role of the systems developer
"Volume 13, Issue 1",Pages 1-84 (January 2003),https://www.sciencedirect.com/science/article/pii/S1471772702000076,Implementing enterprise resource planning and knowledge management systems in tandem: fostering efficiency and innovation complementarity
"Volume 13, Issue 1",Pages 1-84 (January 2003),https://www.sciencedirect.com/science/article/pii/S1471772702000210,Beyond the walls of the asylum: information and organization in the provision of community mental health services
"Volume 12, Issue 4",Pages 213-281 (October 2002),https://www.sciencedirect.com/science/article/pii/S1471772702000052,Is Information and Organization an A journal?
"Volume 12, Issue 4",Pages 213-281 (October 2002),https://www.sciencedirect.com/science/article/pii/S1471772702000040,Anthropologies of information costs: expanding the neo-institutional view
"Volume 12, Issue 4",Pages 213-281 (October 2002),https://www.sciencedirect.com/science/article/pii/S1471772702000064,Towards an understanding of the use of problem and design spaces during object-oriented system development
"Volume 12, Issue 4",Pages 213-281 (October 2002),https://www.sciencedirect.com/science/article/pii/S1471772702000088,Volume 12 (2002)Contents and Author Index
"Volume 12, Issue 3",Pages 135-211 (July 2002),https://www.sciencedirect.com/science/article/pii/S1471772702000039,Improving training outcomes using pre-training scripts: a theory of planned behavior approach
"Volume 12, Issue 3",Pages 135-211 (July 2002),https://www.sciencedirect.com/science/article/pii/S147177270100015X,Organizational hierarchy adaptation and information technology
"Volume 12, Issue 3",Pages 135-211 (July 2002),https://www.sciencedirect.com/science/article/pii/S1471772701000161,Cultivating meaning: interpretive fine-tuning of a South African health information system
"Volume 12, Issue 2",Pages 71-134 (April 2002),https://www.sciencedirect.com/science/article/pii/S1471772701000082,The (im)possibility of ethics in the information age
"Volume 12, Issue 2",Pages 71-134 (April 2002),https://www.sciencedirect.com/science/article/pii/S1471772701000124,Confessions of an information worker: a critical analysis of information requirements discourse
"Volume 12, Issue 2",Pages 71-134 (April 2002),https://www.sciencedirect.com/science/article/pii/S1471772701000136,Reframing the infomated household-workplace
"Volume 12, Issue 1",Pages 1-70 (January 2002),https://www.sciencedirect.com/science/article/pii/S1471772701000070,The importance of trust in software engineers' assessment and choice of information sources
"Volume 12, Issue 1",Pages 1-70 (January 2002),https://www.sciencedirect.com/science/article/pii/S1471772701000112,Formation of the information systems strategy: in a global financial services company
"Volume 12, Issue 1",Pages 1-70 (January 2002),https://www.sciencedirect.com/science/article/pii/S1471772701000148,"Rules of the game: constructing norms of influence, subordination and constraint in IT planning"
"Volume 11, Issue 4",Pages 235-288 (October 2001),https://www.sciencedirect.com/science/article/pii/S1471772701000069,Computer ethics in a different voice
"Volume 11, Issue 4",Pages 235-288 (October 2001),https://www.sciencedirect.com/science/article/pii/S1471772701000057,Participation in groupware-mediated communities of practice: a socio-political analysis of knowledge working
"Volume 11, Issue 4",Pages 235-288 (October 2001),https://www.sciencedirect.com/science/article/pii/S1471772701000094,List of Contents
"Volume 11, Issue 4",Pages 235-288 (October 2001),https://www.sciencedirect.com/science/article/pii/S1471772701000100,"Author Index to Volume 11, 2001"
"Volume 11, Issue 3",Pages 157-234 (July 2001),https://www.sciencedirect.com/science/article/pii/S1471772701000033,A computational model of communication for reducing linguistic opacity based on the language-action perspective
"Volume 11, Issue 3",Pages 157-234 (July 2001),https://www.sciencedirect.com/science/article/pii/S1471772701000045,Drifting technologies and multi-purpose networks: the case of the Swedish cashcard
"Volume 11, Issue 3",Pages 157-234 (July 2001),https://www.sciencedirect.com/science/article/pii/S1471772701000021,The concept of genre within the critical approach to information systems development
"Volume 11, Issue 2",Pages 79-156 (April 2001),https://www.sciencedirect.com/science/article/pii/S1471772700000026,Boundless and bounded interactions in the knowledge work process: the role of groupware technologies
"Volume 11, Issue 2",Pages 79-156 (April 2001),https://www.sciencedirect.com/science/article/pii/S1471772700000051,Embodying information systems: the contribution of phenomenology
"Volume 11, Issue 2",Pages 79-156 (April 2001),https://www.sciencedirect.com/science/article/pii/S1471772700000063,The ‘textual attitude’ and new technology
"Volume 11, Issue 1",Pages 1-78 (January 2001),https://www.sciencedirect.com/science/article/pii/S147177270000004X,"Information and Organization, Vol. 11, No. 1 (2001)"
"Volume 11, Issue 1",Pages 1-78 (January 2001),https://www.sciencedirect.com/science/article/pii/S0959802200000072,The tyranny of space in organizational analysis
"Volume 11, Issue 1",Pages 1-78 (January 2001),https://www.sciencedirect.com/science/article/pii/S0959802200000084,Some political and cultural issues in the globalisation of software development: case experience from Britain and India
"Volume 11, Issue 1",Pages 1-78 (January 2001),https://www.sciencedirect.com/science/article/pii/S1471772700000038,Metaphors of virtuality: shaping an emergent reality
