Year,Issue,URL
2024,Issue 1,https://aisel.aisnet.org/jais/vol25/iss1/
2024,Issue 2,https://aisel.aisnet.org/jais/vol25/iss2/
2024,Issue 3,https://aisel.aisnet.org/jais/vol25/iss3/
2024,Issue 4,https://aisel.aisnet.org/jais/vol25/iss4/
2024,Issue 5,https://aisel.aisnet.org/jais/vol25/iss5/
2024,Issue 6,https://aisel.aisnet.org/jais/vol25/iss6/
2022,Issue 1,https://aisel.aisnet.org/jais/vol24/iss1/
2023,Issue 2,https://aisel.aisnet.org/jais/vol24/iss2/
2023,Issue 3,https://aisel.aisnet.org/jais/vol24/iss3/
2023,Issue 4,https://aisel.aisnet.org/jais/vol24/iss4/
2023,Issue 5,https://aisel.aisnet.org/jais/vol24/iss5/
2023,Issue 6,https://aisel.aisnet.org/jais/vol24/iss6/
2022,Issue 1,https://aisel.aisnet.org/jais/vol23/iss1/
2022,Issue 2,https://aisel.aisnet.org/jais/vol23/iss2/
2022,Issue 3,https://aisel.aisnet.org/jais/vol23/iss3/
2022,Issue 4,https://aisel.aisnet.org/jais/vol23/iss4/
2022,Issue 5,https://aisel.aisnet.org/jais/vol23/iss5/
2022,Issue 6,https://aisel.aisnet.org/jais/vol23/iss6/
2021,Issue 1,https://aisel.aisnet.org/jais/vol22/iss1/
2021,Issue 2,https://aisel.aisnet.org/jais/vol22/iss2/
2021,Issue 3,https://aisel.aisnet.org/jais/vol22/iss3/
2021,Issue 4,https://aisel.aisnet.org/jais/vol22/iss4/
2021,Issue 5,https://aisel.aisnet.org/jais/vol22/iss5/
2021,Issue 6,https://aisel.aisnet.org/jais/vol22/iss6/
2020,Issue 1,https://aisel.aisnet.org/jais/vol21/iss1/
2020,Issue 2,https://aisel.aisnet.org/jais/vol21/iss2/
2020,Issue 3,https://aisel.aisnet.org/jais/vol21/iss3/
2020,Issue 4,https://aisel.aisnet.org/jais/vol21/iss4/
2020,Issue 5,https://aisel.aisnet.org/jais/vol21/iss5/
2020,Issue 6,https://aisel.aisnet.org/jais/vol21/iss6/
2019,Issue 1,https://aisel.aisnet.org/jais/vol20/iss1/
2019,Issue 2,https://aisel.aisnet.org/jais/vol20/iss2/
2019,Issue 3,https://aisel.aisnet.org/jais/vol20/iss3/
2019,Issue 4,https://aisel.aisnet.org/jais/vol20/iss4/
2019,Issue 5,https://aisel.aisnet.org/jais/vol20/iss5/
2019,Issue 6,https://aisel.aisnet.org/jais/vol20/iss6/
2019,Issue 7,https://aisel.aisnet.org/jais/vol20/iss7/
2019,Issue 8,https://aisel.aisnet.org/jais/vol20/iss8/
2019,Issue 9,https://aisel.aisnet.org/jais/vol20/iss9/
2019,Issue 10,https://aisel.aisnet.org/jais/vol20/iss10/
2019,Issue 11,https://aisel.aisnet.org/jais/vol20/iss11/
2019,Issue 12,https://aisel.aisnet.org/jais/vol20/iss12/
2018,Issue 1,https://aisel.aisnet.org/jais/vol19/iss1/
2018,Issue 2,https://aisel.aisnet.org/jais/vol19/iss2/
2018,Issue 3,https://aisel.aisnet.org/jais/vol19/iss3/
2018,Issue 4,https://aisel.aisnet.org/jais/vol19/iss4/
2018,Issue 5,https://aisel.aisnet.org/jais/vol19/iss5/
2018,Issue 6,https://aisel.aisnet.org/jais/vol19/iss6/
2018,Issue 7,https://aisel.aisnet.org/jais/vol19/iss7/
2018,Issue 8,https://aisel.aisnet.org/jais/vol19/iss8/
2018,Issue 9,https://aisel.aisnet.org/jais/vol19/iss9/
2018,Issue 10,https://aisel.aisnet.org/jais/vol19/iss10/
2018,Issue 11,https://aisel.aisnet.org/jais/vol19/iss11/
2018,Issue 12,https://aisel.aisnet.org/jais/vol19/iss12/
2017,Issue 1,https://aisel.aisnet.org/jais/vol18/iss1/
2017,Issue 2,https://aisel.aisnet.org/jais/vol18/iss2/
2017,Issue 3,https://aisel.aisnet.org/jais/vol18/iss3/
2017,Issue 4,https://aisel.aisnet.org/jais/vol18/iss4/
2017,Issue 5,https://aisel.aisnet.org/jais/vol18/iss5/
2017,Issue 6,https://aisel.aisnet.org/jais/vol18/iss6/
2017,Issue 7,https://aisel.aisnet.org/jais/vol18/iss7/
2017,Issue 8,https://aisel.aisnet.org/jais/vol18/iss8/
2017,Issue 9,https://aisel.aisnet.org/jais/vol18/iss9/
2017,Issue 10,https://aisel.aisnet.org/jais/vol18/iss10/
2017,Issue 11,https://aisel.aisnet.org/jais/vol18/iss11/
2017,Issue 12,https://aisel.aisnet.org/jais/vol18/iss12/
2016,Issue 1,https://aisel.aisnet.org/jais/vol17/iss1/
2016,Issue 2,https://aisel.aisnet.org/jais/vol17/iss2/
2016,Issue 3,https://aisel.aisnet.org/jais/vol17/iss3/
2016,Issue 4,https://aisel.aisnet.org/jais/vol17/iss4/
2016,Issue 5,https://aisel.aisnet.org/jais/vol17/iss5/
2016,Issue 6,https://aisel.aisnet.org/jais/vol17/iss6/
2016,Issue 7,https://aisel.aisnet.org/jais/vol17/iss7/
2016,Issue 8,https://aisel.aisnet.org/jais/vol17/iss8/
2016,Issue 9,https://aisel.aisnet.org/jais/vol17/iss9/
2016,Issue 10,https://aisel.aisnet.org/jais/vol17/iss10/
2016,Issue 11,https://aisel.aisnet.org/jais/vol17/iss11/
2016,Issue 12,https://aisel.aisnet.org/jais/vol17/iss12/
2015,Issue 1,https://aisel.aisnet.org/jais/vol16/iss1/
2015,Issue 2,https://aisel.aisnet.org/jais/vol16/iss2/
2015,Issue 3,https://aisel.aisnet.org/jais/vol16/iss3/
2015,Issue 4,https://aisel.aisnet.org/jais/vol16/iss4/
2015,Issue 5,https://aisel.aisnet.org/jais/vol16/iss5/
2015,Issue 6,https://aisel.aisnet.org/jais/vol16/iss6/
2015,Issue 7,https://aisel.aisnet.org/jais/vol16/iss7/
2015,Issue 8,https://aisel.aisnet.org/jais/vol16/iss8/
2015,Issue 9,https://aisel.aisnet.org/jais/vol16/iss9/
2015,Issue 10,https://aisel.aisnet.org/jais/vol16/iss10/
2015,Issue 11,https://aisel.aisnet.org/jais/vol16/iss11/
2015,Issue 12,https://aisel.aisnet.org/jais/vol16/iss12/
2014,Issue 1,https://aisel.aisnet.org/jais/vol15/iss1/
2014,Issue 2,https://aisel.aisnet.org/jais/vol15/iss2/
2014,Issue 3,https://aisel.aisnet.org/jais/vol15/iss3/
2014,Issue 4,https://aisel.aisnet.org/jais/vol15/iss4/
2014,Issue 5,https://aisel.aisnet.org/jais/vol15/iss5/
2014,Issue 6,https://aisel.aisnet.org/jais/vol15/iss6/
2014,Issue 7,https://aisel.aisnet.org/jais/vol15/iss7/
2014,Issue 8,https://aisel.aisnet.org/jais/vol15/iss8/
2014,Issue 9,https://aisel.aisnet.org/jais/vol15/iss9/
2014,Issue 10,https://aisel.aisnet.org/jais/vol15/iss10/
2014,Issue 11,https://aisel.aisnet.org/jais/vol15/iss11/
2014,Issue 12,https://aisel.aisnet.org/jais/vol15/iss12/
2013,Issue 1,https://aisel.aisnet.org/jais/vol14/iss1/
2013,Issue 2,https://aisel.aisnet.org/jais/vol14/iss2/
2013,Issue 3,https://aisel.aisnet.org/jais/vol14/iss3/
2013,Issue 4,https://aisel.aisnet.org/jais/vol14/iss4/
2013,Issue 5,https://aisel.aisnet.org/jais/vol14/iss5/
2013,Issue 6,https://aisel.aisnet.org/jais/vol14/iss6/
2013,Issue 7,https://aisel.aisnet.org/jais/vol14/iss7/
2013,Issue 8,https://aisel.aisnet.org/jais/vol14/iss8/
2013,Issue 9,https://aisel.aisnet.org/jais/vol14/iss9/
2013,Issue 10,https://aisel.aisnet.org/jais/vol14/iss10/
2013,Issue 11,https://aisel.aisnet.org/jais/vol14/iss11/
2013,Issue 12,https://aisel.aisnet.org/jais/vol14/iss12/
2012,Issue 1,https://aisel.aisnet.org/jais/vol13/iss1/
2012,Issue 2,https://aisel.aisnet.org/jais/vol13/iss2/
2012,Issue 3,https://aisel.aisnet.org/jais/vol13/iss3/
2012,Issue 4,https://aisel.aisnet.org/jais/vol13/iss4/
2012,Issue 5,https://aisel.aisnet.org/jais/vol13/iss5/
2012,Issue 6,https://aisel.aisnet.org/jais/vol13/iss6/
2012,Issue 7,https://aisel.aisnet.org/jais/vol13/iss7/
2012,Issue 8,https://aisel.aisnet.org/jais/vol13/iss8/
2012,Issue 9,https://aisel.aisnet.org/jais/vol13/iss9/
2012,Issue 10,https://aisel.aisnet.org/jais/vol13/iss10/
2012,Issue 11,https://aisel.aisnet.org/jais/vol13/iss11/
2012,Issue 12,https://aisel.aisnet.org/jais/vol13/iss12/
2011,Issue 1,https://aisel.aisnet.org/jais/vol12/iss1/
2011,Issue 2,https://aisel.aisnet.org/jais/vol12/iss2/
2011,Issue 3,https://aisel.aisnet.org/jais/vol12/iss3/
2011,Issue 4,https://aisel.aisnet.org/jais/vol12/iss4/
2011,Issue 5,https://aisel.aisnet.org/jais/vol12/iss5/
2011,Issue 6,https://aisel.aisnet.org/jais/vol12/iss6/
2011,Issue 7,https://aisel.aisnet.org/jais/vol12/iss7/
2011,Issue 8,https://aisel.aisnet.org/jais/vol12/iss8/
2011,Issue 9,https://aisel.aisnet.org/jais/vol12/iss9/
2011,Issue 10,https://aisel.aisnet.org/jais/vol12/iss10/
2011,Issue 11,https://aisel.aisnet.org/jais/vol12/iss11/
2011,Issue 12,https://aisel.aisnet.org/jais/vol12/iss12/
2010,Issue 1,https://aisel.aisnet.org/jais/vol11/iss1/
2010,Issue 2,https://aisel.aisnet.org/jais/vol11/iss2/
2010,Issue 3,https://aisel.aisnet.org/jais/vol11/iss3/
2010,Issue 4,https://aisel.aisnet.org/jais/vol11/iss4/
2010,Issue 5,https://aisel.aisnet.org/jais/vol11/iss5/
2010,Issue 6,https://aisel.aisnet.org/jais/vol11/iss6/
2010,Issue 7,https://aisel.aisnet.org/jais/vol11/iss7/
2010,Issue 8,https://aisel.aisnet.org/jais/vol11/iss8/
2010,Issue 9,https://aisel.aisnet.org/jais/vol11/iss9/
2010,Issue 10,https://aisel.aisnet.org/jais/vol11/iss10/
2010,Issue 11,https://aisel.aisnet.org/jais/vol11/iss11/
2010,Issue 12,https://aisel.aisnet.org/jais/vol11/iss12/
2009,Issue 1,https://aisel.aisnet.org/jais/vol10/iss1/
2009,Issue 2,https://aisel.aisnet.org/jais/vol10/iss2/
2009,Issue 3,https://aisel.aisnet.org/jais/vol10/iss3/
2009,Issue 4,https://aisel.aisnet.org/jais/vol10/iss4/
2009,Issue 5,https://aisel.aisnet.org/jais/vol10/iss5/
2009,Issue 6,https://aisel.aisnet.org/jais/vol10/iss6/
2009,Issue 7,https://aisel.aisnet.org/jais/vol10/iss7/
2009,Issue 8,https://aisel.aisnet.org/jais/vol10/iss8/
2009,Issue 9,https://aisel.aisnet.org/jais/vol10/iss9/
2009,Issue 10,https://aisel.aisnet.org/jais/vol10/iss10/
2009,Issue 11,https://aisel.aisnet.org/jais/vol10/iss11/
2009,Issue 12,https://aisel.aisnet.org/jais/vol10/iss12/
2008,Issue 1,https://aisel.aisnet.org/jais/vol9/iss1/
2008,Issue 2,https://aisel.aisnet.org/jais/vol9/iss2/
2008,Issue 3,https://aisel.aisnet.org/jais/vol9/iss3/
2008,Issue 4,https://aisel.aisnet.org/jais/vol9/iss4/
2008,Issue 5,https://aisel.aisnet.org/jais/vol9/iss5/
2008,Issue 6,https://aisel.aisnet.org/jais/vol9/iss6/
2008,Issue 7,https://aisel.aisnet.org/jais/vol9/iss7/
2008,Issue 8,https://aisel.aisnet.org/jais/vol9/iss8/
2008,Issue 9,https://aisel.aisnet.org/jais/vol9/iss9/
2008,Issue 10,https://aisel.aisnet.org/jais/vol9/iss10/
2008,Issue 12,https://aisel.aisnet.org/jais/vol9/iss12/
2007,Issue 1,https://aisel.aisnet.org/jais/vol8/iss1/
2007,Issue 2,https://aisel.aisnet.org/jais/vol8/iss2/
2007,Issue 3,https://aisel.aisnet.org/jais/vol8/iss3/
2007,Issue 4,https://aisel.aisnet.org/jais/vol8/iss4/
2007,Issue 5,https://aisel.aisnet.org/jais/vol8/iss5/
2007,Issue 6,https://aisel.aisnet.org/jais/vol8/iss6/
2007,Issue 7,https://aisel.aisnet.org/jais/vol8/iss7/
2007,Issue 8,https://aisel.aisnet.org/jais/vol8/iss8/
2007,Issue 9,https://aisel.aisnet.org/jais/vol8/iss9/
2007,Issue 10,https://aisel.aisnet.org/jais/vol8/iss10/
2007,Issue 11,https://aisel.aisnet.org/jais/vol8/iss11/
2007,Issue 12,https://aisel.aisnet.org/jais/vol8/iss12/
2006,Issue 1,https://aisel.aisnet.org/jais/vol7/iss1/
2006,Issue 2,https://aisel.aisnet.org/jais/vol7/iss2/
2006,Issue 3,https://aisel.aisnet.org/jais/vol7/iss3/
2006,Issue 4,https://aisel.aisnet.org/jais/vol7/iss4/
2006,Issue 5,https://aisel.aisnet.org/jais/vol7/iss5/
2006,Issue 6,https://aisel.aisnet.org/jais/vol7/iss6/
2006,Issue 7,https://aisel.aisnet.org/jais/vol7/iss7/
2006,Issue 8,https://aisel.aisnet.org/jais/vol7/iss8/
2006,Issue 9,https://aisel.aisnet.org/jais/vol7/iss9/
2006,Issue 10,https://aisel.aisnet.org/jais/vol7/iss10/
2006,Issue 11,https://aisel.aisnet.org/jais/vol7/iss11/
2006,Issue 12,https://aisel.aisnet.org/jais/vol7/iss12/
2005,Issue 1,https://aisel.aisnet.org/jais/vol6/iss1/
2005,Issue 2,https://aisel.aisnet.org/jais/vol6/iss2/
2005,Issue 3,https://aisel.aisnet.org/jais/vol6/iss3/
2005,Issue 4,https://aisel.aisnet.org/jais/vol6/iss4/
2005,Issue 5,https://aisel.aisnet.org/jais/vol6/iss5/
2005,Issue 6,https://aisel.aisnet.org/jais/vol6/iss6/
2005,Issue 7,https://aisel.aisnet.org/jais/vol6/iss7/
2005,Issue 11,https://aisel.aisnet.org/jais/vol6/iss11/
2005,Issue 12,https://aisel.aisnet.org/jais/vol6/iss12/
2004,Issue 1,https://aisel.aisnet.org/jais/vol5/iss1/
2004,Issue 2,https://aisel.aisnet.org/jais/vol5/iss2/
2004,Issue 3,https://aisel.aisnet.org/jais/vol5/iss3/
2004,Issue 4,https://aisel.aisnet.org/jais/vol5/iss4/
2004,Issue 5,https://aisel.aisnet.org/jais/vol5/iss5/
2004,Issue 6,https://aisel.aisnet.org/jais/vol5/iss6/
2004,Issue 7,https://aisel.aisnet.org/jais/vol5/iss7/
2004,Issue 8,https://aisel.aisnet.org/jais/vol5/iss8/
2004,Issue 9,https://aisel.aisnet.org/jais/vol5/iss9/
2004,Issue 10,https://aisel.aisnet.org/jais/vol5/iss10/
2004,Issue 11,https://aisel.aisnet.org/jais/vol5/iss11/
2003,Issue 1,https://aisel.aisnet.org/jais/vol4/iss1/
2002,Issue 1,https://aisel.aisnet.org/jais/vol3/iss1/
2001,Issue 1,https://aisel.aisnet.org/jais/vol2/iss1/
2000,Issue 1,https://aisel.aisnet.org/jais/vol1/iss1/
